canary-go-server  | time=2026-07-23T23:58:46.791Z level=INFO msg="configuration loaded" server=Canary-Go loginPort=7171 gamePort=7172 db=canary
canary-go-server  | time=2026-07-23T23:58:46.798Z level=INFO msg="schema applied" path=schema/mysql.sql
canary-go-server  | time=2026-07-23T23:58:46.804Z level=INFO msg="seeded test account" account=god password=god character="Gm Test"
canary-go-server  | time=2026-07-23T23:58:47.114Z level=INFO msg="item catalog loaded" types=42107
canary-go-server  | time=2026-07-23T23:58:47.116Z level=INFO msg="loaded npc types" count=0
canary-go-server  | time=2026-07-23T23:58:47.117Z level=INFO msg="loaded vocations" path=data/XML/vocations.xml
canary-go-server  | time=2026-07-23T23:58:47.117Z level=INFO msg="loaded mounts" path=data/XML/mounts.xml count=236
canary-go-server  | time=2026-07-23T23:59:02.469Z level=INFO msg="loaded OTBM map" file=data-otservbr-global/world/otservbr.otbm tiles=18102439 items=23619919 towns=28
canary-go-server  | time=2026-07-23T23:59:02.881Z level=INFO msg="loaded monster spawns" file=data-otservbr-global/world/otservbr-monster.xml
canary-go-server  | time=2026-07-23T23:59:02.887Z level=INFO msg="loaded npc spawns" file=data-otservbr-global/world/otservbr-npc.xml
canary-go-server  | time=2026-07-23T23:59:02.887Z level=INFO msg="spawn set to town temple" town="Dawnport Tutorial" pos="{X:32069 Y:31901 Z:6}"
canary-go-server  | time=2026-07-23T23:59:07.328Z level=INFO msg="loadScripts starting walkthrough" dir=data-otservbr-global/lib absDir=/app/data-otservbr-global/lib
canary-go-server  | time=2026-07-23T23:59:07.661Z level=INFO msg="loadScripts WalkDir finished successfully" dir=data-otservbr-global/lib
canary-go-server  | time=2026-07-23T23:59:07.845Z level=INFO msg="loadScripts starting walkthrough" dir=data/lib absDir=/app/data/lib
canary-go-server  | time=2026-07-23T23:59:07.845Z level=INFO msg="loadScripts WalkDir finished successfully" dir=data/lib
canary-go-server  | time=2026-07-23T23:59:07.845Z level=INFO msg="loadScripts starting walkthrough" dir=data/libs absDir=/app/data/libs
canary-go-server  | time=2026-07-23T23:59:07.969Z level=INFO msg="loadScripts WalkDir finished successfully" dir=data/libs
canary-go-server  | time=2026-07-23T23:59:07.969Z level=INFO msg="loadScripts starting walkthrough" dir=data/npclib absDir=/app/data/npclib
canary-go-server  | time=2026-07-23T23:59:07.986Z level=INFO msg="loadScripts WalkDir finished successfully" dir=data/npclib
canary-go-server  | time=2026-07-23T23:59:07.986Z level=INFO msg="loadScripts starting walkthrough" dir=data/scripts absDir=/app/data/scripts
canary-go-server  | time=2026-07-23T23:59:07.987Z level=DEBUG msg=lua msg="Registering soul war boss lever zone: "
canary-go-server  | time=2026-07-23T23:59:07.987Z level=DEBUG msg=lua msg="Registering soul war boss lever zone: "
canary-go-server  | time=2026-07-23T23:59:07.987Z level=DEBUG msg=lua msg="Registering soul war boss lever zone: "
canary-go-server  | time=2026-07-23T23:59:07.987Z level=DEBUG msg=lua msg="Registering soul war boss lever zone: "
canary-go-server  | time=2026-07-23T23:59:07.987Z level=DEBUG msg=lua msg="Registering soul war boss lever zone: "
canary-go-server  | time=2026-07-23T23:59:07.987Z level=DEBUG msg=lua msg="Registering soul war boss lever zone: "
canary-go-server  | time=2026-07-23T23:59:07.998Z level=DEBUG msg=lua msg="[Achievements registration] - Registering achievement 'Castlemania' with id '1'"
canary-go-server  | time=2026-07-23T23:59:07.998Z level=DEBUG msg=lua msg="[Achievements registration] - Registering achievement 'Chorister' with id '2'"
canary-go-server  | time=2026-07-23T23:59:07.998Z level=DEBUG msg=lua msg="[Achievements registration] - Registering achievement 'The Milkman' with id '3'"
canary-go-server  | time=2026-07-23T23:59:07.998Z level=DEBUG msg=lua msg="[Achievements registration] - Registering achievement 'Vive la Resistance' with id '4'"
canary-go-server  | time=2026-07-23T23:59:07.998Z level=DEBUG msg=lua msg="[Achievements registration] - Registering achievement 'Culinary Master' with id '5'"
canary-go-server  | time=2026-07-23T23:59:07.998Z level=DEBUG msg=lua msg="[Achievements registration] - Registering achievement 'Shell Seeker' with id '6'"
canary-go-server  | time=2026-07-23T23:59:07.998Z level=DEBUG msg=lua msg="[Achievements registration] - Registering achievement 'Backpack Tourist' with id '7'"
canary-go-server  | time=2026-07-23T23:59:07.998Z level=DEBUG msg=lua msg="[Achievements registration] - Registering achievement 'Dread Lord' with id '8'"
canary-go-server  | time=2026-07-23T23:59:07.998Z level=DEBUG msg=lua msg="[Achievements registration] - Registering achievement 'Lord Protector' with id '9'"
canary-go-server  | time=2026-07-23T23:59:07.998Z level=DEBUG msg=lua msg="[Achievements registration] - Registering achievement 'Nightmare Knight' with id '10'"
canary-go-server  | time=2026-07-23T23:59:07.998Z level=DEBUG msg=lua msg="[Achievements registration] - Registering achievement 'Bone Brother' with id '11'"
canary-go-server  | time=2026-07-23T23:59:07.998Z level=DEBUG msg=lua msg="[Achievements registration] - Registering achievement 'Blessed!' with id '12'"
canary-go-server  | time=2026-07-23T23:59:07.998Z level=DEBUG msg=lua msg="[Achievements registration] - Registering achievement 'Recognised Trader' with id '13'"
canary-go-server  | time=2026-07-23T23:59:07.998Z level=DEBUG msg=lua msg="[Achievements registration] - Registering achievement 'Fountain of Life' with id '14'"
canary-go-server  | time=2026-07-23T23:59:07.998Z level=DEBUG msg=lua msg="[Achievements registration] - Registering achievement 'Lord of the Elements' with id '15'"
canary-go-server  | time=2026-07-23T23:59:07.998Z level=DEBUG msg=lua msg="[Achievements registration] - Registering achievement 'Beach Tamer' with id '16'"
canary-go-server  | time=2026-07-23T23:59:07.998Z level=DEBUG msg=lua msg="[Achievements registration] - Registering achievement 'Follower of Azerus' with id '17'"
canary-go-server  | time=2026-07-23T23:59:07.998Z level=DEBUG msg=lua msg="[Achievements registration] - Registering achievement 'Follower of Palimuth' with id '18'"
canary-go-server  | time=2026-07-23T23:59:07.998Z level=DEBUG msg=lua msg="[Achievements registration] - Registering achievement 'Elite Hunter' with id '19'"
canary-go-server  | time=2026-07-23T23:59:07.998Z level=DEBUG msg=lua msg="[Achievements registration] - Registering achievement 'Huntsman' with id '20'"
canary-go-server  | time=2026-07-23T23:59:07.998Z level=DEBUG msg=lua msg="[Achievements registration] - Registering achievement 'Passionate Kisser' with id '21'"
canary-go-server  | time=2026-07-23T23:59:07.998Z level=DEBUG msg=lua msg="[Achievements registration] - Registering achievement 'Top AVIN Agent' with id '22'"
canary-go-server  | time=2026-07-23T23:59:07.998Z level=DEBUG msg=lua msg="[Achievements registration] - Registering achievement 'Top CGB Agent' with id '23'"
canary-go-server  | time=2026-07-23T23:59:07.998Z level=DEBUG msg=lua msg="[Achievements registration] - Registering achievement 'Top TBI Agent' with id '24'"
canary-go-server  | time=2026-07-23T23:59:07.998Z level=DEBUG msg=lua msg="[Achievements registration] - Registering achievement 'Secret Agent' with id '25'"
canary-go-server  | time=2026-07-23T23:59:07.998Z level=DEBUG msg=lua msg="[Achievements registration] - Registering achievement 'Golem in the Gears' with id '26'"
canary-go-server  | time=2026-07-23T23:59:07.998Z level=DEBUG msg=lua msg="[Achievements registration] - Registering achievement 'Poet Laureate' with id '27'"
canary-go-server  | time=2026-07-23T23:59:07.998Z level=DEBUG msg=lua msg="[Achievements registration] - Registering achievement 'Minstrel' with id '28'"
canary-go-server  | time=2026-07-23T23:59:07.998Z level=DEBUG msg=lua msg="[Achievements registration] - Registering achievement 'Friend of the Apes' with id '29'"
canary-go-server  | time=2026-07-23T23:59:07.998Z level=DEBUG msg=lua msg="[Achievements registration] - Registering achievement 'Territorial' with id '30'"
canary-go-server  | time=2026-07-23T23:59:07.998Z level=DEBUG msg=lua msg="[Achievements registration] - Registering achievement 'Marid Ally' with id '31'"
canary-go-server  | time=2026-07-23T23:59:07.998Z level=DEBUG msg=lua msg="[Achievements registration] - Registering achievement 'Efreet Ally' with id '32'"
canary-go-server  | time=2026-07-23T23:59:07.998Z level=DEBUG msg=lua msg="[Achievements registration] - Registering achievement 'Lucid Dreamer' with id '33'"
canary-go-server  | time=2026-07-23T23:59:07.998Z level=DEBUG msg=lua msg="[Achievements registration] - Registering achievement 'Explorer' with id '34'"
canary-go-server  | time=2026-07-23T23:59:07.998Z level=DEBUG msg=lua msg="[Achievements registration] - Registering achievement 'Sea Scout' with id '35'"
canary-go-server  | time=2026-07-23T23:59:07.998Z level=DEBUG msg=lua msg="[Achievements registration] - Registering achievement 'Unlikely Pathfinder' with id '36'"
canary-go-server  | time=2026-07-23T23:59:07.998Z level=DEBUG msg=lua msg="[Achievements registration] - Registering achievement 'Bearhugger' with id '37'"
canary-go-server  | time=2026-07-23T23:59:07.998Z level=DEBUG msg=lua msg="[Achievements registration] - Registering achievement 'Ghostwhisperer' with id '38'"
canary-go-server  | time=2026-07-23T23:59:07.998Z level=DEBUG msg=lua msg="[Achievements registration] - Registering achievement 'Animal Activist' with id '39'"
canary-go-server  | time=2026-07-23T23:59:07.998Z level=DEBUG msg=lua msg="[Achievements registration] - Registering achievement 'Honorary Barbarian' with id '40'"
canary-go-server  | time=2026-07-23T23:59:07.998Z level=DEBUG msg=lua msg="[Achievements registration] - Registering achievement 'High Inquisitor' with id '41'"
canary-go-server  | time=2026-07-23T23:59:07.998Z level=DEBUG msg=lua msg="[Achievements registration] - Registering achievement 'Worm Whacker' with id '42'"
canary-go-server  | time=2026-07-23T23:59:07.998Z level=DEBUG msg=lua msg="[Achievements registration] - Registering achievement 'King Tibianus Fan' with id '43'"
canary-go-server  | time=2026-07-23T23:59:07.998Z level=DEBUG msg=lua msg="[Achievements registration] - Registering achievement 'Just in Time' with id '44'"
canary-go-server  | time=2026-07-23T23:59:07.998Z level=DEBUG msg=lua msg="[Achievements registration] - Registering achievement 'Perfect Fool' with id '45'"
canary-go-server  | time=2026-07-23T23:59:07.998Z level=DEBUG msg=lua msg="[Achievements registration] - Registering achievement 'Mathemagician' with id '46'"
canary-go-server  | time=2026-07-23T23:59:07.998Z level=DEBUG msg=lua msg="[Achievements registration] - Registering achievement 'Archpostman' with id '47'"
canary-go-server  | time=2026-07-23T23:59:07.998Z level=DEBUG msg=lua msg="[Achievements registration] - Registering achievement 'Matchmaker' with id '48'"
canary-go-server  | time=2026-07-23T23:59:07.998Z level=DEBUG msg=lua msg="[Achievements registration] - Registering achievement 'His True Face' with id '49'"
canary-go-server  | time=2026-07-23T23:59:07.998Z level=DEBUG msg=lua msg="[Achievements registration] - Registering achievement 'Razing!' with id '50'"
canary-go-server  | time=2026-07-23T23:59:07.998Z level=DEBUG msg=lua msg="[Achievements registration] - Registering achievement 'Master Thief' with id '51'"
canary-go-server  | time=2026-07-23T23:59:07.998Z level=DEBUG msg=lua msg="[Achievements registration] - Registering achievement 'Amateur Actor' with id '52'"
canary-go-server  | time=2026-07-23T23:59:07.998Z level=DEBUG msg=lua msg="[Achievements registration] - Registering achievement 'Scrapper' with id '53'"
canary-go-server  | time=2026-07-23T23:59:07.998Z level=DEBUG msg=lua msg="[Achievements registration] - Registering achievement 'Greenhorn' with id '54'"
canary-go-server  | time=2026-07-23T23:59:07.998Z level=DEBUG msg=lua msg="[Achievements registration] - Registering achievement 'Warlord of Svargrond' with id '55'"
canary-go-server  | time=2026-07-23T23:59:07.999Z level=DEBUG msg=lua msg="[Achievements registration] - Registering achievement 'Herbicide' with id '56'"
canary-go-server  | time=2026-07-23T23:59:07.999Z level=DEBUG msg=lua msg="[Achievements registration] - Registering achievement 'Annihilator' with id '57'"
canary-go-server  | time=2026-07-23T23:59:07.999Z level=DEBUG msg=lua msg="[Achievements registration] - Registering achievement 'Master of the Nexus' with id '58'"
canary-go-server  | time=2026-07-23T23:59:07.999Z level=DEBUG msg=lua msg="[Achievements registration] - Registering achievement 'Talented Dancer' with id '59'"
canary-go-server  | time=2026-07-23T23:59:07.999Z level=DEBUG msg=lua msg="[Achievements registration] - Registering achievement 'Allow Cookies?' with id '60'"
canary-go-server  | time=2026-07-23T23:59:07.999Z level=DEBUG msg=lua msg="[Achievements registration] - Registering achievement 'Ruthless' with id '61'"
canary-go-server  | time=2026-07-23T23:59:07.999Z level=DEBUG msg=lua msg="[Achievements registration] - Registering achievement 'Champion of Chazorai' with id '62'"
canary-go-server  | time=2026-07-23T23:59:07.999Z level=DEBUG msg=lua msg="[Achievements registration] - Registering achievement 'Wayfarer' with id '63'"
canary-go-server  | time=2026-07-23T23:59:07.999Z level=DEBUG msg=lua msg="[Achievements registration] - Registering achievement 'Waverider' with id '64'"
canary-go-server  | time=2026-07-23T23:59:07.999Z level=DEBUG msg=lua msg="[Achievements registration] - Registering achievement 'Rockstar' with id '65'"
canary-go-server  | time=2026-07-23T23:59:07.999Z level=DEBUG msg=lua msg="[Achievements registration] - Registering achievement 'Allowance Collector' with id '66'"
canary-go-server  | time=2026-07-23T23:59:07.999Z level=DEBUG msg=lua msg="[Achievements registration] - Registering achievement 'High-Flyer' with id '67'"
canary-go-server  | time=2026-07-23T23:59:07.999Z level=DEBUG msg=lua msg="[Achievements registration] - Registering achievement 'Clay Fighter' with id '68'"
canary-go-server  | time=2026-07-23T23:59:07.999Z level=DEBUG msg=lua msg="[Achievements registration] - Registering achievement 'Masquerader' with id '69'"
canary-go-server  | time=2026-07-23T23:59:07.999Z level=DEBUG msg=lua msg="[Achievements registration] - Registering achievement 'Deep Sea Diver' with id '70'"
canary-go-server  | time=2026-07-23T23:59:07.999Z level=DEBUG msg=lua msg="[Achievements registration] - Registering achievement 'Firewalker' with id '71'"
canary-go-server  | time=2026-07-23T23:59:07.999Z level=DEBUG msg=lua msg="[Achievements registration] - Registering achievement 'Here, Fishy Fishy!' with id '72'"
canary-go-server  | time=2026-07-23T23:59:07.999Z level=DEBUG msg=lua msg="[Achievements registration] - Registering achievement 'Green Thumb' with id '73'"
canary-go-server  | time=2026-07-23T23:59:07.999Z level=DEBUG msg=lua msg="[Achievements registration] - Registering achievement 'Potion Addict' with id '74'"
canary-go-server  | time=2026-07-23T23:59:07.999Z level=DEBUG msg=lua msg="[Achievements registration] - Registering achievement 'Ice Sculptor' with id '75'"
canary-go-server  | time=2026-07-23T23:59:07.999Z level=DEBUG msg=lua msg="[Achievements registration] - Registering achievement 'Interior Decorator' with id '76'"
canary-go-server  | time=2026-07-23T23:59:07.999Z level=DEBUG msg=lua msg="[Achievements registration] - Registering achievement 'Jinx' with id '77'"
canary-go-server  | time=2026-07-23T23:59:07.999Z level=DEBUG msg=lua msg="[Achievements registration] - Registering achievement 'Lucky Devil' with id '78'"
canary-go-server  | time=2026-07-23T23:59:07.999Z level=DEBUG msg=lua msg="[Achievements registration] - Registering achievement 'Marblelous' with id '79'"
canary-go-server  | time=2026-07-23T23:59:07.999Z level=DEBUG msg=lua msg="[Achievements registration] - Registering achievement 'Party Animal' with id '80'"
canary-go-server  | time=2026-07-23T23:59:07.999Z level=DEBUG msg=lua msg="[Achievements registration] - Registering achievement 'Fireworks in the Sky' with id '81'"
canary-go-server  | time=2026-07-23T23:59:07.999Z level=DEBUG msg=lua msg="[Achievements registration] - Registering achievement 'Quick as a Turtle' with id '82'"
canary-go-server  | time=2026-07-23T23:59:07.999Z level=DEBUG msg=lua msg="[Achievements registration] - Registering achievement 'Polisher' with id '83'"
canary-go-server  | time=2026-07-23T23:59:07.999Z level=DEBUG msg=lua msg="[Achievements registration] - Registering achievement 'Ship's Kobold' with id '84'"
canary-go-server  | time=2026-07-23T23:59:07.999Z level=DEBUG msg=lua msg="[Achievements registration] - Registering achievement 'Steampunked' with id '85'"
canary-go-server  | time=2026-07-23T23:59:07.999Z level=DEBUG msg=lua msg="[Achievements registration] - Registering achievement 'Vanity' with id '86'"
canary-go-server  | time=2026-07-23T23:59:07.999Z level=DEBUG msg=lua msg="[Achievements registration] - Registering achievement 'Superstitious' with id '87'"
canary-go-server  | time=2026-07-23T23:59:07.999Z level=DEBUG msg=lua msg="[Achievements registration] - Registering achievement 'Turncoat' with id '88'"
canary-go-server  | time=2026-07-23T23:59:07.999Z level=DEBUG msg=lua msg="[Achievements registration] - Registering achievement 'Marble Madness' with id '89'"
canary-go-server  | time=2026-07-23T23:59:07.999Z level=DEBUG msg=lua msg="[Achievements registration] - Registering achievement 'Clay to Fame' with id '90'"
canary-go-server  | time=2026-07-23T23:59:07.999Z level=DEBUG msg=lua msg="[Achievements registration] - Registering achievement 'Cold as Ice' with id '91'"
canary-go-server  | time=2026-07-23T23:59:07.999Z level=DEBUG msg=lua msg="[Achievements registration] - Registering achievement 'Exquisite Taste' with id '92'"
canary-go-server  | time=2026-07-23T23:59:07.999Z level=DEBUG msg=lua msg="[Achievements registration] - Registering achievement 'Jamjam' with id '93'"
canary-go-server  | time=2026-07-23T23:59:07.999Z level=DEBUG msg=lua msg="[Achievements registration] - Registering achievement 'I Did My Part' with id '94'"
canary-go-server  | time=2026-07-23T23:59:07.999Z level=DEBUG msg=lua msg="[Achievements registration] - Registering achievement 'Notorious Worldsaver' with id '95'"
canary-go-server  | time=2026-07-23T23:59:07.999Z level=DEBUG msg=lua msg="[Achievements registration] - Registering achievement 'Teamplayer' with id '96'"
canary-go-server  | time=2026-07-23T23:59:07.999Z level=DEBUG msg=lua msg="[Achievements registration] - Registering achievement 'Daring Trespasser' with id '97'"
canary-go-server  | time=2026-07-23T23:59:07.999Z level=DEBUG msg=lua msg="[Achievements registration] - Registering achievement 'Slayer of Anmothra' with id '98'"
canary-go-server  | time=2026-07-23T23:59:07.999Z level=DEBUG msg=lua msg="[Achievements registration] - Registering achievement 'Slayer of Chikhaton' with id '99'"
canary-go-server  | time=2026-07-23T23:59:07.999Z level=DEBUG msg=lua msg="[Achievements registration] - Registering achievement 'Slayer of Irahsae' with id '100'"
canary-go-server  | time=2026-07-23T23:59:07.999Z level=DEBUG msg=lua msg="[Achievements registration] - Registering achievement 'Slayer of Phrodomo' with id '101'"
canary-go-server  | time=2026-07-23T23:59:07.999Z level=DEBUG msg=lua msg="[Achievements registration] - Registering achievement 'Slayer of Teneshpar' with id '102'"
canary-go-server  | time=2026-07-23T23:59:07.999Z level=DEBUG msg=lua msg="[Achievements registration] - Registering achievement 'Cocoon of Doom' with id '103'"
canary-go-server  | time=2026-07-23T23:59:07.999Z level=DEBUG msg=lua msg="[Achievements registration] - Registering achievement 'Devovorga's Nemesis' with id '104'"
canary-go-server  | time=2026-07-23T23:59:07.999Z level=DEBUG msg=lua msg="[Achievements registration] - Registering achievement 'Mister Sandman' with id '105'"
canary-go-server  | time=2026-07-23T23:59:07.999Z level=DEBUG msg=lua msg="[Achievements registration] - Registering achievement 'Rock Me to Sleep' with id '106'"
canary-go-server  | time=2026-07-23T23:59:07.999Z level=DEBUG msg=lua msg="[Achievements registration] - Registering achievement 'Modest Guest' with id '107'"
canary-go-server  | time=2026-07-23T23:59:07.999Z level=DEBUG msg=lua msg="[Achievements registration] - Registering achievement 'Joke's on You' with id '108'"
canary-go-server  | time=2026-07-23T23:59:07.999Z level=DEBUG msg=lua msg="[Achievements registration] - Registering achievement 'Oops' with id '109'"
canary-go-server  | time=2026-07-23T23:59:07.999Z level=DEBUG msg=lua msg="[Achievements registration] - Registering achievement 'Bluebarian' with id '110'"
canary-go-server  | time=2026-07-23T23:59:07.999Z level=DEBUG msg=lua msg="[Achievements registration] - Registering achievement 'Demonic Barkeeper' with id '111'"
canary-go-server  | time=2026-07-23T23:59:07.999Z level=DEBUG msg=lua msg="[Achievements registration] - Registering achievement 'The Snowman' with id '112'"
canary-go-server  | time=2026-07-23T23:59:07.999Z level=DEBUG msg=lua msg="[Achievements registration] - Registering achievement 'Number of the Beast' with id '113'"
canary-go-server  | time=2026-07-23T23:59:07.999Z level=DEBUG msg=lua msg="[Achievements registration] - Registering achievement 'I Need a Hug' with id '114'"
canary-go-server  | time=2026-07-23T23:59:07.999Z level=DEBUG msg=lua msg="[Achievements registration] - Registering achievement 'Slim Chance' with id '115'"
canary-go-server  | time=2026-07-23T23:59:07.999Z level=DEBUG msg=lua msg="[Achievements registration] - Registering achievement 'Rocket in Pocket' with id '116'"
canary-go-server  | time=2026-07-23T23:59:07.999Z level=DEBUG msg=lua msg="[Achievements registration] - Registering achievement 'Make a Wish' with id '117'"
canary-go-server  | time=2026-07-23T23:59:07.999Z level=DEBUG msg=lua msg="[Achievements registration] - Registering achievement 'Santa's Li'l Helper' with id '118'"
canary-go-server  | time=2026-07-23T23:59:07.999Z level=DEBUG msg=lua msg="[Achievements registration] - Registering achievement 'Cursed!' with id '119'"
canary-go-server  | time=2026-07-23T23:59:07.999Z level=DEBUG msg=lua msg="[Achievements registration] - Registering achievement 'Free Items!' with id '120'"
canary-go-server  | time=2026-07-23T23:59:07.999Z level=DEBUG msg=lua msg="[Achievements registration] - Registering achievement 'Rollercoaster' with id '121'"
canary-go-server  | time=2026-07-23T23:59:07.999Z level=DEBUG msg=lua msg="[Achievements registration] - Registering achievement 'Transmutator' with id '122'"
canary-go-server  | time=2026-07-23T23:59:07.999Z level=DEBUG msg=lua msg="[Achievements registration] - Registering achievement 'Berserker' with id '123'"
canary-go-server  | time=2026-07-23T23:59:07.999Z level=DEBUG msg=lua msg="[Achievements registration] - Registering achievement 'Mastermind' with id '124'"
canary-go-server  | time=2026-07-23T23:59:07.999Z level=DEBUG msg=lua msg="[Achievements registration] - Registering achievement 'Sharpshooter' with id '125'"
canary-go-server  | time=2026-07-23T23:59:07.999Z level=DEBUG msg=lua msg="[Achievements registration] - Registering achievement 'Do Not Disturb' with id '126'"
canary-go-server  | time=2026-07-23T23:59:07.999Z level=DEBUG msg=lua msg="[Achievements registration] - Registering achievement 'Let the Sunshine In' with id '127'"
canary-go-server  | time=2026-07-23T23:59:07.999Z level=DEBUG msg=lua msg="[Achievements registration] - Registering achievement 'Bad Timing' with id '128'"
canary-go-server  | time=2026-07-23T23:59:07.999Z level=DEBUG msg=lua msg="[Achievements registration] - Registering achievement 'Nothing Can Stop Me' with id '129'"
canary-go-server  | time=2026-07-23T23:59:07.999Z level=DEBUG msg=lua msg="[Achievements registration] - Registering achievement 'Happy Farmer' with id '130'"
canary-go-server  | time=2026-07-23T23:59:07.999Z level=DEBUG msg=lua msg="[Achievements registration] - Registering achievement 'Natural Sweetener' with id '131'"
canary-go-server  | time=2026-07-23T23:59:07.999Z level=DEBUG msg=lua msg="[Achievements registration] - Registering achievement 'Homebrewed' with id '132'"
canary-go-server  | time=2026-07-23T23:59:07.999Z level=DEBUG msg=lua msg="[Achievements registration] - Registering achievement 'Gold Digger' with id '133'"
canary-go-server  | time=2026-07-23T23:59:07.999Z level=DEBUG msg=lua msg="[Achievements registration] - Registering achievement 'The Undertaker' with id '134'"
canary-go-server  | time=2026-07-23T23:59:07.999Z level=DEBUG msg=lua msg="[Achievements registration] - Registering achievement 'Cookie Monster' with id '135'"
canary-go-server  | time=2026-07-23T23:59:07.999Z level=DEBUG msg=lua msg="[Achievements registration] - Registering achievement 'The Cake's the Truth' with id '136'"
canary-go-server  | time=2026-07-23T23:59:07.999Z level=DEBUG msg=lua msg="[Achievements registration] - Registering achievement 'Sweet Tooth' with id '137'"
canary-go-server  | time=2026-07-23T23:59:07.999Z level=DEBUG msg=lua msg="[Achievements registration] - Registering achievement 'With a Cherry on Top' with id '138'"
canary-go-server  | time=2026-07-23T23:59:07.999Z level=DEBUG msg=lua msg="[Achievements registration] - Registering achievement 'Mutated Presents' with id '139'"
canary-go-server  | time=2026-07-23T23:59:07.999Z level=DEBUG msg=lua msg="[Achievements registration] - Registering achievement 'Keeper of the Flame' with id '140'"
canary-go-server  | time=2026-07-23T23:59:07.999Z level=DEBUG msg=lua msg="[Achievements registration] - Registering achievement 'True Lightbearer' with id '141'"
canary-go-server  | time=2026-07-23T23:59:07.999Z level=DEBUG msg=lua msg="[Achievements registration] - Registering achievement 'Godslayer' with id '142'"
canary-go-server  | time=2026-07-23T23:59:07.999Z level=DEBUG msg=lua msg="[Achievements registration] - Registering achievement 'The Day After' with id '143'"
canary-go-server  | time=2026-07-23T23:59:07.999Z level=DEBUG msg=lua msg="[Achievements registration] - Registering achievement 'Commitment Phobic' with id '144'"
canary-go-server  | time=2026-07-23T23:59:07.999Z level=DEBUG msg=lua msg="[Achievements registration] - Registering achievement 'Heartbreaker' with id '145'"
canary-go-server  | time=2026-07-23T23:59:07.999Z level=DEBUG msg=lua msg="[Achievements registration] - Registering achievement 'Swift Death' with id '146'"
canary-go-server  | time=2026-07-23T23:59:07.999Z level=DEBUG msg=lua msg="[Achievements registration] - Registering achievement 'Brutal Politeness' with id '147'"
canary-go-server  | time=2026-07-23T23:59:07.999Z level=DEBUG msg=lua msg="[Achievements registration] - Registering achievement 'Life on the Streets' with id '148'"
canary-go-server  | time=2026-07-23T23:59:07.999Z level=DEBUG msg=lua msg="[Achievements registration] - Registering achievement 'Skull and Bones' with id '149'"
canary-go-server  | time=2026-07-23T23:59:07.999Z level=DEBUG msg=lua msg="[Achievements registration] - Registering achievement 'Nightmare Walker' with id '150'"
canary-go-server  | time=2026-07-23T23:59:07.999Z level=DEBUG msg=lua msg="[Achievements registration] - Registering achievement 'Exemplary Citizen' with id '151'"
canary-go-server  | time=2026-07-23T23:59:07.999Z level=DEBUG msg=lua msg="[Achievements registration] - Registering achievement 'Demonbane' with id '152'"
canary-go-server  | time=2026-07-23T23:59:07.999Z level=DEBUG msg=lua msg="[Achievements registration] - Registering achievement 'Of Wolves and Bears' with id '153'"
canary-go-server  | time=2026-07-23T23:59:07.999Z level=DEBUG msg=lua msg="[Achievements registration] - Registering achievement 'Hunting with Style' with id '154'"
canary-go-server  | time=2026-07-23T23:59:07.999Z level=DEBUG msg=lua msg="[Achievements registration] - Registering achievement 'Fool at Heart' with id '155'"
canary-go-server  | time=2026-07-23T23:59:07.999Z level=DEBUG msg=lua msg="[Achievements registration] - Registering achievement 'In Shining Armor' with id '156'"
canary-go-server  | time=2026-07-23T23:59:07.999Z level=DEBUG msg=lua msg="[Achievements registration] - Registering achievement 'Aristocrat' with id '157'"
canary-go-server  | time=2026-07-23T23:59:07.999Z level=DEBUG msg=lua msg="[Achievements registration] - Registering achievement 'Out in the Snowstorm' with id '158'"
canary-go-server  | time=2026-07-23T23:59:07.999Z level=DEBUG msg=lua msg="[Achievements registration] - Registering achievement 'One Thousand and One' with id '159'"
canary-go-server  | time=2026-07-23T23:59:07.999Z level=DEBUG msg=lua msg="[Achievements registration] - Registering achievement 'Swashbuckler' with id '160'"
canary-go-server  | time=2026-07-23T23:59:07.999Z level=DEBUG msg=lua msg="[Achievements registration] - Registering achievement 'Way of the Shaman' with id '161'"
canary-go-server  | time=2026-07-23T23:59:07.999Z level=DEBUG msg=lua msg="[Achievements registration] - Registering achievement 'Ritualist' with id '162'"
canary-go-server  | time=2026-07-23T23:59:07.999Z level=DEBUG msg=lua msg="[Achievements registration] - Registering achievement 'Master of War' with id '163'"
canary-go-server  | time=2026-07-23T23:59:07.999Z level=DEBUG msg=lua msg="[Achievements registration] - Registering achievement 'Wild Warrior' with id '164'"
canary-go-server  | time=2026-07-23T23:59:07.999Z level=DEBUG msg=lua msg="[Achievements registration] - Registering achievement 'Peazzekeeper' with id '165'"
canary-go-server  | time=2026-07-23T23:59:07.999Z level=DEBUG msg=lua msg="[Achievements registration] - Registering achievement 'Yalahari of Wisdom' with id '166'"
canary-go-server  | time=2026-07-23T23:59:07.999Z level=DEBUG msg=lua msg="[Achievements registration] - Registering achievement 'Yalahari of Power' with id '167'"
canary-go-server  | time=2026-07-23T23:59:07.999Z level=DEBUG msg=lua msg="[Achievements registration] - Registering achievement 'Piece of Cake' with id '168'"
canary-go-server  | time=2026-07-23T23:59:07.999Z level=DEBUG msg=lua msg="[Achievements registration] - Registering achievement 'Alumni' with id '169'"
canary-go-server  | time=2026-07-23T23:59:07.999Z level=DEBUG msg=lua msg="[Achievements registration] - Registering achievement 'Warlock' with id '170'"
canary-go-server  | time=2026-07-23T23:59:07.999Z level=DEBUG msg=lua msg="[Achievements registration] - Registering achievement 'Bunny Slipped' with id '171'"
canary-go-server  | time=2026-07-23T23:59:07.999Z level=DEBUG msg=lua msg="[Achievements registration] - Registering achievement 'Guinea Pig' with id '172'"
canary-go-server  | time=2026-07-23T23:59:07.999Z level=DEBUG msg=lua msg="[Achievements registration] - Registering achievement 'Merry Adventures' with id '173'"
canary-go-server  | time=2026-07-23T23:59:07.999Z level=DEBUG msg=lua msg="[Achievements registration] - Registering achievement 'Afraid of no Ghost!' with id '174'"
canary-go-server  | time=2026-07-23T23:59:07.999Z level=DEBUG msg=lua msg="[Achievements registration] - Registering achievement 'Extreme Degustation' with id '175'"
canary-go-server  | time=2026-07-23T23:59:07.999Z level=DEBUG msg=lua msg="[Achievements registration] - Registering achievement 'Cake Conqueror' with id '176'"
canary-go-server  | time=2026-07-23T23:59:07.999Z level=DEBUG msg=lua msg="[Achievements registration] - Registering achievement 'Baby Sitter' with id '177'"
canary-go-server  | time=2026-07-23T23:59:07.999Z level=DEBUG msg=lua msg="[Achievements registration] - Registering achievement 'Nanny from Hell' with id '178'"
canary-go-server  | time=2026-07-23T23:59:07.999Z level=DEBUG msg=lua msg="[Achievements registration] - Registering achievement 'Ghost Sailor' with id '179'"
canary-go-server  | time=2026-07-23T23:59:07.999Z level=DEBUG msg=lua msg="[Achievements registration] - Registering achievement 'Spectral Traveller' with id '180'"
canary-go-server  | time=2026-07-23T23:59:07.999Z level=DEBUG msg=lua msg="[Achievements registration] - Registering achievement 'Nether Pirate' with id '181'"
canary-go-server  | time=2026-07-23T23:59:07.999Z level=DEBUG msg=lua msg="[Achievements registration] - Registering achievement 'Scourge of Death' with id '182'"
canary-go-server  | time=2026-07-23T23:59:07.999Z level=DEBUG msg=lua msg="[Achievements registration] - Registering achievement 'Fire Lighter' with id '183'"
canary-go-server  | time=2026-07-23T23:59:07.999Z level=DEBUG msg=lua msg="[Achievements registration] - Registering achievement 'Witches Lil' Helper' with id '184'"
canary-go-server  | time=2026-07-23T23:59:07.999Z level=DEBUG msg=lua msg="[Achievements registration] - Registering achievement 'Banebringers' Bane' with id '185'"
canary-go-server  | time=2026-07-23T23:59:07.999Z level=DEBUG msg=lua msg="[Achievements registration] - Registering achievement 'Fire Devil' with id '186'"
canary-go-server  | time=2026-07-23T23:59:07.999Z level=DEBUG msg=lua msg="[Achievements registration] - Registering achievement 'Pyromaniac' with id '187'"
canary-go-server  | time=2026-07-23T23:59:07.999Z level=DEBUG msg=lua msg="[Achievements registration] - Registering achievement 'Honorary Witch' with id '188'"
canary-go-server  | time=2026-07-23T23:59:07.999Z level=DEBUG msg=lua msg="[Achievements registration] - Registering achievement 'Natural Born Cowboy' with id '189'"
canary-go-server  | time=2026-07-23T23:59:07.999Z level=DEBUG msg=lua msg="[Achievements registration] - Registering achievement 'Petrologist' with id '190'"
canary-go-server  | time=2026-07-23T23:59:07.999Z level=DEBUG msg=lua msg="[Achievements registration] - Registering achievement 'Hidden Powers' with id '191'"
canary-go-server  | time=2026-07-23T23:59:07.999Z level=DEBUG msg=lua msg="[Achievements registration] - Registering achievement 'I Like it Fancy' with id '192'"
canary-go-server  | time=2026-07-23T23:59:07.999Z level=DEBUG msg=lua msg="[Achievements registration] - Registering achievement 'Skin-Deep' with id '193'"
canary-go-server  | time=2026-07-23T23:59:07.999Z level=DEBUG msg=lua msg="[Achievements registration] - Registering achievement 'Ashes to Dust' with id '194'"
canary-go-server  | time=2026-07-23T23:59:07.999Z level=DEBUG msg=lua msg="[Achievements registration] - Registering achievement 'Safely Stored Away' with id '196'"
canary-go-server  | time=2026-07-23T23:59:07.999Z level=DEBUG msg=lua msg="[Achievements registration] - Registering achievement 'Something's in There' with id '197'"
canary-go-server  | time=2026-07-23T23:59:07.999Z level=DEBUG msg=lua msg="[Achievements registration] - Registering achievement 'Silent Pet' with id '198'"
canary-go-server  | time=2026-07-23T23:59:07.999Z level=DEBUG msg=lua msg="[Achievements registration] - Registering achievement 'Snowbunny' with id '199'"
canary-go-server  | time=2026-07-23T23:59:07.999Z level=DEBUG msg=lua msg="[Achievements registration] - Registering achievement 'Dark Voodoo Priest' with id '200'"
canary-go-server  | time=2026-07-23T23:59:07.999Z level=DEBUG msg=lua msg="[Achievements registration] - Registering achievement 'Nomad Soul' with id '201'"
canary-go-server  | time=2026-07-23T23:59:07.999Z level=DEBUG msg=lua msg="[Achievements registration] - Registering achievement 'Truth Be Told' with id '202'"
canary-go-server  | time=2026-07-23T23:59:07.999Z level=DEBUG msg=lua msg="[Achievements registration] - Registering achievement 'You Don't Know Jack' with id '203'"
canary-go-server  | time=2026-07-23T23:59:07.999Z level=DEBUG msg=lua msg="[Achievements registration] - Registering achievement 'Berry Picker' with id '204'"
canary-go-server  | time=2026-07-23T23:59:07.999Z level=DEBUG msg=lua msg="[Achievements registration] - Registering achievement 'True Colours' with id '205'"
canary-go-server  | time=2026-07-23T23:59:07.999Z level=DEBUG msg=lua msg="[Achievements registration] - Registering achievement 'Master Shapeshifter' with id '206'"
canary-go-server  | time=2026-07-23T23:59:07.999Z level=DEBUG msg=lua msg="[Achievements registration] - Registering achievement 'Slimer' with id '207'"
canary-go-server  | time=2026-07-23T23:59:07.999Z level=DEBUG msg=lua msg="[Achievements registration] - Registering achievement 'Mageslayer' with id '208'"
canary-go-server  | time=2026-07-23T23:59:07.999Z level=DEBUG msg=lua msg="[Achievements registration] - Registering achievement 'Biodegradable' with id '209'"
canary-go-server  | time=2026-07-23T23:59:07.999Z level=DEBUG msg=lua msg="[Achievements registration] - Registering achievement 'Eye of the Deep' with id '210'"
canary-go-server  | time=2026-07-23T23:59:07.999Z level=DEBUG msg=lua msg="[Achievements registration] - Registering achievement 'Invader of the Deep' with id '211'"
canary-go-server  | time=2026-07-23T23:59:07.999Z level=DEBUG msg=lua msg="[Achievements registration] - Registering achievement 'Firefighter' with id '212'"
canary-go-server  | time=2026-07-23T23:59:07.999Z level=DEBUG msg=lua msg="[Achievements registration] - Registering achievement 'Deer Hunt' with id '213'"
canary-go-server  | time=2026-07-23T23:59:07.999Z level=DEBUG msg=lua msg="[Achievements registration] - Registering achievement 'Askarak Nemesis' with id '214'"
canary-go-server  | time=2026-07-23T23:59:07.999Z level=DEBUG msg=lua msg="[Achievements registration] - Registering achievement 'Shaburak Nemesis' with id '215'"
canary-go-server  | time=2026-07-23T23:59:07.999Z level=DEBUG msg=lua msg="[Achievements registration] - Registering achievement 'Fearless' with id '216'"
canary-go-server  | time=2026-07-23T23:59:07.999Z level=DEBUG msg=lua msg="[Achievements registration] - Registering achievement 'Doctor! Doctor!' with id '217'"
canary-go-server  | time=2026-07-23T23:59:07.999Z level=DEBUG msg=lua msg="[Achievements registration] - Registering achievement 'Beak Doctor' with id '218'"
canary-go-server  | time=2026-07-23T23:59:07.999Z level=DEBUG msg=lua msg="[Achievements registration] - Registering achievement 'Mystic Fabric Magic' with id '219'"
canary-go-server  | time=2026-07-23T23:59:07.999Z level=DEBUG msg=lua msg="[Achievements registration] - Registering achievement 'Arachnoise' with id '221'"
canary-go-server  | time=2026-07-23T23:59:07.999Z level=DEBUG msg=lua msg="[Achievements registration] - Registering achievement 'Rootless Behaviour' with id '222'"
canary-go-server  | time=2026-07-23T23:59:07.999Z level=DEBUG msg=lua msg="[Achievements registration] - Registering achievement 'Twisted Mutation' with id '223'"
canary-go-server  | time=2026-07-23T23:59:07.999Z level=DEBUG msg=lua msg="[Achievements registration] - Registering achievement 'Beautiful Agony' with id '224'"
canary-go-server  | time=2026-07-23T23:59:07.999Z level=DEBUG msg=lua msg="[Achievements registration] - Registering achievement 'Scorched Flames' with id '225'"
canary-go-server  | time=2026-07-23T23:59:07.999Z level=DEBUG msg=lua msg="[Achievements registration] - Registering achievement 'Crawling Death' with id '226'"
canary-go-server  | time=2026-07-23T23:59:07.999Z level=DEBUG msg=lua msg="[Achievements registration] - Registering achievement 'The Serpent's Bride' with id '227'"
canary-go-server  | time=2026-07-23T23:59:07.999Z level=DEBUG msg=lua msg="[Achievements registration] - Registering achievement 'No More Hiding' with id '228'"
canary-go-server  | time=2026-07-23T23:59:07.999Z level=DEBUG msg=lua msg="[Achievements registration] - Registering achievement 'The Gates of Hell' with id '229'"
canary-go-server  | time=2026-07-23T23:59:07.999Z level=DEBUG msg=lua msg="[Achievements registration] - Registering achievement 'The Drowned Sea God' with id '230'"
canary-go-server  | time=2026-07-23T23:59:07.999Z level=DEBUG msg=lua msg="[Achievements registration] - Registering achievement 'Spareribs for Dinner' with id '231'"
canary-go-server  | time=2026-07-23T23:59:07.999Z level=DEBUG msg=lua msg="[Achievements registration] - Registering achievement 'Breaking the Ice' with id '232'"
canary-go-server  | time=2026-07-23T23:59:07.999Z level=DEBUG msg=lua msg="[Achievements registration] - Registering achievement 'Just Cracked Me Up!' with id '233'"
canary-go-server  | time=2026-07-23T23:59:07.999Z level=DEBUG msg=lua msg="[Achievements registration] - Registering achievement 'Something Smells' with id '234'"
canary-go-server  | time=2026-07-23T23:59:07.999Z level=DEBUG msg=lua msg="[Achievements registration] - Registering achievement 'Meat Skewer' with id '235'"
canary-go-server  | time=2026-07-23T23:59:07.999Z level=DEBUG msg=lua msg="[Achievements registration] - Registering achievement 'One Less' with id '236'"
canary-go-server  | time=2026-07-23T23:59:07.999Z level=DEBUG msg=lua msg="[Achievements registration] - Registering achievement 'Hissing Downfall' with id '237'"
canary-go-server  | time=2026-07-23T23:59:07.999Z level=DEBUG msg=lua msg="[Achievements registration] - Registering achievement 'Choking on Her Venom' with id '238'"
canary-go-server  | time=2026-07-23T23:59:07.999Z level=DEBUG msg=lua msg="[Achievements registration] - Registering achievement 'Blood-Red Snapper' with id '239'"
canary-go-server  | time=2026-07-23T23:59:08.000Z level=DEBUG msg=lua msg="[Achievements registration] - Registering achievement 'Back into the Abyss' with id '240'"
canary-go-server  | time=2026-07-23T23:59:08.000Z level=DEBUG msg=lua msg="[Achievements registration] - Registering achievement 'Pwned a Lot of Fur' with id '241'"
canary-go-server  | time=2026-07-23T23:59:08.000Z level=DEBUG msg=lua msg="[Achievements registration] - Registering achievement 'Honest Finder' with id '242'"
canary-go-server  | time=2026-07-23T23:59:08.000Z level=DEBUG msg=lua msg="[Achievements registration] - Registering achievement 'Goldhunter' with id '243'"
canary-go-server  | time=2026-07-23T23:59:08.000Z level=DEBUG msg=lua msg="[Achievements registration] - Registering achievement 'Trail of the Ape God' with id '244'"
canary-go-server  | time=2026-07-23T23:59:08.000Z level=DEBUG msg=lua msg="[Achievements registration] - Registering achievement 'Someone's Bored' with id '245'"
canary-go-server  | time=2026-07-23T23:59:08.000Z level=DEBUG msg=lua msg="[Achievements registration] - Registering achievement 'Whistle-Blower' with id '246'"
canary-go-server  | time=2026-07-23T23:59:08.000Z level=DEBUG msg=lua msg="[Achievements registration] - Registering achievement 'Torn Treasures' with id '247'"
canary-go-server  | time=2026-07-23T23:59:08.000Z level=DEBUG msg=lua msg="[Achievements registration] - Registering achievement 'Loyal Subject' with id '248'"
canary-go-server  | time=2026-07-23T23:59:08.000Z level=DEBUG msg=lua msg="[Achievements registration] - Registering achievement 'Desert Fisher' with id '249'"
canary-go-server  | time=2026-07-23T23:59:08.000Z level=DEBUG msg=lua msg="[Achievements registration] - Registering achievement 'Dog Sitter' with id '251'"
canary-go-server  | time=2026-07-23T23:59:08.000Z level=DEBUG msg=lua msg="[Achievements registration] - Registering achievement 'Ice Harvester' with id '252'"
canary-go-server  | time=2026-07-23T23:59:08.000Z level=DEBUG msg=lua msg="[Achievements registration] - Registering achievement 'Preservationist' with id '253'"
canary-go-server  | time=2026-07-23T23:59:08.000Z level=DEBUG msg=lua msg="[Achievements registration] - Registering achievement 'Chest Robber' with id '254'"
canary-go-server  | time=2026-07-23T23:59:08.000Z level=DEBUG msg=lua msg="[Achievements registration] - Registering achievement 'Down the Drain' with id '255'"
canary-go-server  | time=2026-07-23T23:59:08.000Z level=DEBUG msg=lua msg="[Achievements registration] - Registering achievement 'Fire from the Earth' with id '256'"
canary-go-server  | time=2026-07-23T23:59:08.000Z level=DEBUG msg=lua msg="[Achievements registration] - Registering achievement 'Minor Disturbance' with id '257'"
canary-go-server  | time=2026-07-23T23:59:08.000Z level=DEBUG msg=lua msg="[Achievements registration] - Registering achievement 'Dazzler' with id '258'"
canary-go-server  | time=2026-07-23T23:59:08.000Z level=DEBUG msg=lua msg="[Achievements registration] - Registering achievement 'Hive Blinder' with id '259'"
canary-go-server  | time=2026-07-23T23:59:08.000Z level=DEBUG msg=lua msg="[Achievements registration] - Registering achievement 'Hickup' with id '260'"
canary-go-server  | time=2026-07-23T23:59:08.000Z level=DEBUG msg=lua msg="[Achievements registration] - Registering achievement 'Heartburn' with id '261'"
canary-go-server  | time=2026-07-23T23:59:08.000Z level=DEBUG msg=lua msg="[Achievements registration] - Registering achievement 'Stomach Ulcer' with id '262'"
canary-go-server  | time=2026-07-23T23:59:08.000Z level=DEBUG msg=lua msg="[Achievements registration] - Registering achievement 'Planter' with id '263'"
canary-go-server  | time=2026-07-23T23:59:08.000Z level=DEBUG msg=lua msg="[Achievements registration] - Registering achievement 'Pimple' with id '264'"
canary-go-server  | time=2026-07-23T23:59:08.000Z level=DEBUG msg=lua msg="[Achievements registration] - Registering achievement 'Suppressor' with id '265'"
canary-go-server  | time=2026-07-23T23:59:08.000Z level=DEBUG msg=lua msg="[Achievements registration] - Registering achievement 'Gatherer' with id '266'"
canary-go-server  | time=2026-07-23T23:59:08.000Z level=DEBUG msg=lua msg="[Achievements registration] - Registering achievement 'Supplier' with id '267'"
canary-go-server  | time=2026-07-23T23:59:08.000Z level=DEBUG msg=lua msg="[Achievements registration] - Registering achievement 'Chitin Bane' with id '268'"
canary-go-server  | time=2026-07-23T23:59:08.000Z level=DEBUG msg=lua msg="[Achievements registration] - Registering achievement 'Guard Killer' with id '269'"
canary-go-server  | time=2026-07-23T23:59:08.000Z level=DEBUG msg=lua msg="[Achievements registration] - Registering achievement 'Hive Infiltrator' with id '270'"
canary-go-server  | time=2026-07-23T23:59:08.000Z level=DEBUG msg=lua msg="[Achievements registration] - Registering achievement 'Exterminator' with id '271'"
canary-go-server  | time=2026-07-23T23:59:08.001Z level=DEBUG msg=lua msg="[Achievements registration] - Registering achievement 'Headache' with id '272'"
canary-go-server  | time=2026-07-23T23:59:08.001Z level=DEBUG msg=lua msg="[Achievements registration] - Registering achievement 'Confusion' with id '273'"
canary-go-server  | time=2026-07-23T23:59:08.001Z level=DEBUG msg=lua msg="[Achievements registration] - Registering achievement 'Manic' with id '274'"
canary-go-server  | time=2026-07-23T23:59:08.001Z level=DEBUG msg=lua msg="[Achievements registration] - Registering achievement 'Navigational Error' with id '276'"
canary-go-server  | time=2026-07-23T23:59:08.001Z level=DEBUG msg=lua msg="[Achievements registration] - Registering achievement 'Si, Ariki!' with id '277'"
canary-go-server  | time=2026-07-23T23:59:08.001Z level=DEBUG msg=lua msg="[Achievements registration] - Registering achievement 'Guardian Downfall' with id '278'"
canary-go-server  | time=2026-07-23T23:59:08.001Z level=DEBUG msg=lua msg="[Achievements registration] - Registering achievement 'Death Song' with id '279'"
canary-go-server  | time=2026-07-23T23:59:08.001Z level=DEBUG msg=lua msg="[Achievements registration] - Registering achievement 'Depth Dwellers' with id '280'"
canary-go-server  | time=2026-07-23T23:59:08.001Z level=DEBUG msg=lua msg="[Achievements registration] - Registering achievement 'Gem Cutter' with id '281'"
canary-go-server  | time=2026-07-23T23:59:08.001Z level=DEBUG msg=lua msg="[Achievements registration] - Registering achievement 'Spolium Profundis' with id '282'"
canary-go-server  | time=2026-07-23T23:59:08.001Z level=DEBUG msg=lua msg="[Achievements registration] - Registering achievement 'Bane of the Hive' with id '283'"
canary-go-server  | time=2026-07-23T23:59:08.001Z level=DEBUG msg=lua msg="[Achievements registration] - Registering achievement 'Hive War Veteran' with id '285'"
canary-go-server  | time=2026-07-23T23:59:08.001Z level=DEBUG msg=lua msg="[Achievements registration] - Registering achievement 'Hive Fighter' with id '286'"
canary-go-server  | time=2026-07-23T23:59:08.001Z level=DEBUG msg=lua msg="[Achievements registration] - Registering achievement 'Howly Silence' with id '287'"
canary-go-server  | time=2026-07-23T23:59:08.001Z level=DEBUG msg=lua msg="[Achievements registration] - Registering achievement 'Dream's Over' with id '288'"
canary-go-server  | time=2026-07-23T23:59:08.001Z level=DEBUG msg=lua msg="[Achievements registration] - Registering achievement 'Zzztill Zzztanding!' with id '289'"
canary-go-server  | time=2026-07-23T23:59:08.001Z level=DEBUG msg=lua msg="[Achievements registration] - Registering achievement 'Stepped on a Big Toe' with id '290'"
canary-go-server  | time=2026-07-23T23:59:08.001Z level=DEBUG msg=lua msg="[Achievements registration] - Registering achievement 'Kapow!' with id '291'"
canary-go-server  | time=2026-07-23T23:59:08.001Z level=DEBUG msg=lua msg="[Achievements registration] - Registering achievement 'Enter zze Draken!' with id '292'"
canary-go-server  | time=2026-07-23T23:59:08.001Z level=DEBUG msg=lua msg="[Achievements registration] - Registering achievement 'King of the Ring' with id '293'"
canary-go-server  | time=2026-07-23T23:59:08.001Z level=DEBUG msg=lua msg="[Achievements registration] - Registering achievement 'Back from the Dead' with id '294'"
canary-go-server  | time=2026-07-23T23:59:08.001Z level=DEBUG msg=lua msg="[Achievements registration] - Registering achievement 'Pwned All Fur' with id '295'"
canary-go-server  | time=2026-07-23T23:59:08.001Z level=DEBUG msg=lua msg="[Achievements registration] - Registering achievement 'Bibby's Bloodbath' with id '297'"
canary-go-server  | time=2026-07-23T23:59:08.001Z level=DEBUG msg=lua msg="[Achievements registration] - Registering achievement 'Nestling' with id '298'"
canary-go-server  | time=2026-07-23T23:59:08.001Z level=DEBUG msg=lua msg="[Achievements registration] - Registering achievement 'Becoming a Bigfoot' with id '299'"
canary-go-server  | time=2026-07-23T23:59:08.001Z level=DEBUG msg=lua msg="[Achievements registration] - Registering achievement 'Gnome Little Helper' with id '300'"
canary-go-server  | time=2026-07-23T23:59:08.001Z level=DEBUG msg=lua msg="[Achievements registration] - Registering achievement 'Gnome Friend' with id '301'"
canary-go-server  | time=2026-07-23T23:59:08.001Z level=DEBUG msg=lua msg="[Achievements registration] - Registering achievement 'Gnomelike' with id '302'"
canary-go-server  | time=2026-07-23T23:59:08.001Z level=DEBUG msg=lua msg="[Achievements registration] - Registering achievement 'Honorary Gnome' with id '303'"
canary-go-server  | time=2026-07-23T23:59:08.001Z level=DEBUG msg=lua msg="[Achievements registration] - Registering achievement 'Crystals in Love' with id '304'"
canary-go-server  | time=2026-07-23T23:59:08.001Z level=DEBUG msg=lua msg="[Achievements registration] - Registering achievement 'Substitute Tinker' with id '305'"
canary-go-server  | time=2026-07-23T23:59:08.001Z level=DEBUG msg=lua msg="[Achievements registration] - Registering achievement 'Spore Hunter' with id '306'"
canary-go-server  | time=2026-07-23T23:59:08.001Z level=DEBUG msg=lua msg="[Achievements registration] - Registering achievement 'Grinding Again' with id '307'"
canary-go-server  | time=2026-07-23T23:59:08.001Z level=DEBUG msg=lua msg="[Achievements registration] - Registering achievement 'Dungeon Cleaner' with id '308'"
canary-go-server  | time=2026-07-23T23:59:08.001Z level=DEBUG msg=lua msg="[Achievements registration] - Registering achievement 'Crystal Keeper' with id '309'"
canary-go-server  | time=2026-07-23T23:59:08.001Z level=DEBUG msg=lua msg="[Achievements registration] - Registering achievement 'Call Me Sparky' with id '310'"
canary-go-server  | time=2026-07-23T23:59:08.001Z level=DEBUG msg=lua msg="[Achievements registration] - Registering achievement 'One Foot Vs. Many' with id '311'"
canary-go-server  | time=2026-07-23T23:59:08.001Z level=DEBUG msg=lua msg="[Achievements registration] - Registering achievement 'The Picky Pig' with id '312'"
canary-go-server  | time=2026-07-23T23:59:08.002Z level=DEBUG msg=lua msg="[Achievements registration] - Registering achievement 'Diplomatic Immunity' with id '313'"
canary-go-server  | time=2026-07-23T23:59:08.002Z level=DEBUG msg=lua msg="[Achievements registration] - Registering achievement 'Fall of the Fallen' with id '314'"
canary-go-server  | time=2026-07-23T23:59:08.002Z level=DEBUG msg=lua msg="[Achievements registration] - Registering achievement 'Death on Strike' with id '315'"
canary-go-server  | time=2026-07-23T23:59:08.002Z level=DEBUG msg=lua msg="[Achievements registration] - Registering achievement 'Death from Below' with id '316'"
canary-go-server  | time=2026-07-23T23:59:08.002Z level=DEBUG msg=lua msg="[Achievements registration] - Registering achievement 'Gnomebane's Bane' with id '317'"
canary-go-server  | time=2026-07-23T23:59:08.002Z level=DEBUG msg=lua msg="[Achievements registration] - Registering achievement 'Final Strike' with id '318'"
canary-go-server  | time=2026-07-23T23:59:08.002Z level=DEBUG msg=lua msg="[Achievements registration] - Registering achievement 'Goo Goo Dancer' with id '319'"
canary-go-server  | time=2026-07-23T23:59:08.002Z level=DEBUG msg=lua msg="[Achievements registration] - Registering achievement 'Funghitastic' with id '320'"
canary-go-server  | time=2026-07-23T23:59:08.002Z level=DEBUG msg=lua msg="[Achievements registration] - Registering achievement 'Crystal Clear' with id '321'"
canary-go-server  | time=2026-07-23T23:59:08.002Z level=DEBUG msg=lua msg="[Achievements registration] - Registering achievement 'Gnomish Art Of War' with id '322'"
canary-go-server  | time=2026-07-23T23:59:08.002Z level=DEBUG msg=lua msg="[Achievements registration] - Registering achievement 'True Dedication' with id '324'"
canary-go-server  | time=2026-07-23T23:59:08.002Z level=DEBUG msg=lua msg="[Achievements registration] - Registering achievement 'Task Manager' with id '325'"
canary-go-server  | time=2026-07-23T23:59:08.002Z level=DEBUG msg=lua msg="[Achievements registration] - Registering achievement 'Gravedigger' with id '326'"
canary-go-server  | time=2026-07-23T23:59:08.002Z level=DEBUG msg=lua msg="[Achievements registration] - Registering achievement 'Repenter' with id '327'"
canary-go-server  | time=2026-07-23T23:59:08.002Z level=DEBUG msg=lua msg="[Achievements registration] - Registering achievement 'Umbral Swordsman' with id '328'"
canary-go-server  | time=2026-07-23T23:59:08.002Z level=DEBUG msg=lua msg="[Achievements registration] - Registering achievement 'Cave Completionist' with id '331'"
canary-go-server  | time=2026-07-23T23:59:08.002Z level=DEBUG msg=lua msg="[Achievements registration] - Registering achievement 'Umbral Bladelord' with id '332'"
canary-go-server  | time=2026-07-23T23:59:08.002Z level=DEBUG msg=lua msg="[Achievements registration] - Registering achievement 'Umbral Headsman' with id '333'"
canary-go-server  | time=2026-07-23T23:59:08.002Z level=DEBUG msg=lua msg="[Achievements registration] - Registering achievement 'Umbral Executioner' with id '334'"
canary-go-server  | time=2026-07-23T23:59:08.002Z level=DEBUG msg=lua msg="[Achievements registration] - Registering achievement 'Umbral Brawler' with id '335'"
canary-go-server  | time=2026-07-23T23:59:08.002Z level=DEBUG msg=lua msg="[Achievements registration] - Registering achievement 'Umbral Berserker' with id '336'"
canary-go-server  | time=2026-07-23T23:59:08.002Z level=DEBUG msg=lua msg="[Achievements registration] - Registering achievement 'Umbral Archer' with id '337'"
canary-go-server  | time=2026-07-23T23:59:08.002Z level=DEBUG msg=lua msg="[Achievements registration] - Registering achievement 'Umbral Marksman' with id '338'"
canary-go-server  | time=2026-07-23T23:59:08.002Z level=DEBUG msg=lua msg="[Achievements registration] - Registering achievement 'Umbral Harbinger' with id '339'"
canary-go-server  | time=2026-07-23T23:59:08.002Z level=DEBUG msg=lua msg="[Achievements registration] - Registering achievement 'Umbral Master' with id '340'"
canary-go-server  | time=2026-07-23T23:59:08.002Z level=DEBUG msg=lua msg="[Achievements registration] - Registering achievement 'Nevermending Story' with id '341'"
canary-go-server  | time=2026-07-23T23:59:08.002Z level=DEBUG msg=lua msg="[Achievements registration] - Registering achievement 'Luring Silence' with id '342'"
canary-go-server  | time=2026-07-23T23:59:08.002Z level=DEBUG msg=lua msg="[Achievements registration] - Registering achievement 'Never Surrender' with id '343'"
canary-go-server  | time=2026-07-23T23:59:08.002Z level=DEBUG msg=lua msg="[Achievements registration] - Registering achievement 'Dream Wright' with id '344'"
canary-go-server  | time=2026-07-23T23:59:08.002Z level=DEBUG msg=lua msg="[Achievements registration] - Registering achievement 'Ending the Horror' with id '345'"
canary-go-server  | time=2026-07-23T23:59:08.002Z level=DEBUG msg=lua msg="[Achievements registration] - Registering achievement 'Sleepwalking' with id '346'"
canary-go-server  | time=2026-07-23T23:59:08.002Z level=DEBUG msg=lua msg="[Achievements registration] - Registering achievement 'Dream Warden' with id '347'"
canary-go-server  | time=2026-07-23T23:59:08.002Z level=DEBUG msg=lua msg="[Achievements registration] - Registering achievement 'Prison Break' with id '348'"
canary-go-server  | time=2026-07-23T23:59:08.002Z level=DEBUG msg=lua msg="[Achievements registration] - Registering achievement 'Noblesse Obliterated' with id '349'"
canary-go-server  | time=2026-07-23T23:59:08.002Z level=DEBUG msg=lua msg="[Achievements registration] - Registering achievement 'Elementary, My Dear' with id '350'"
canary-go-server  | time=2026-07-23T23:59:08.002Z level=DEBUG msg=lua msg="[Achievements registration] - Registering achievement 'Rathleton Commoner' with id '351'"
canary-go-server  | time=2026-07-23T23:59:08.002Z level=DEBUG msg=lua msg="[Achievements registration] - Registering achievement 'Rathleton Inhabitant' with id '352'"
canary-go-server  | time=2026-07-23T23:59:08.002Z level=DEBUG msg=lua msg="[Achievements registration] - Registering achievement 'Rathleton Citizen' with id '353'"
canary-go-server  | time=2026-07-23T23:59:08.002Z level=DEBUG msg=lua msg="[Achievements registration] - Registering achievement 'Combo Master' with id '354'"
canary-go-server  | time=2026-07-23T23:59:08.002Z level=DEBUG msg=lua msg="[Achievements registration] - Registering achievement 'Glooth Engineer' with id '355'"
canary-go-server  | time=2026-07-23T23:59:08.002Z level=DEBUG msg=lua msg="[Achievements registration] - Registering achievement 'Lion's Den Explorer' with id '356'"
canary-go-server  | time=2026-07-23T23:59:08.002Z level=DEBUG msg=lua msg="[Achievements registration] - Registering achievement 'Seasoned Adventurer' with id '357'"
canary-go-server  | time=2026-07-23T23:59:08.002Z level=DEBUG msg=lua msg="[Achievements registration] - Registering achievement 'Mind the Step!' with id '358'"
canary-go-server  | time=2026-07-23T23:59:08.002Z level=DEBUG msg=lua msg="[Achievements registration] - Registering achievement 'Rathleton Squire' with id '359'"
canary-go-server  | time=2026-07-23T23:59:08.002Z level=DEBUG msg=lua msg="[Achievements registration] - Registering achievement 'The Professor's Nut' with id '360'"
canary-go-server  | time=2026-07-23T23:59:08.002Z level=DEBUG msg=lua msg="[Achievements registration] - Registering achievement 'Plant vs. Minos' with id '361'"
canary-go-server  | time=2026-07-23T23:59:08.002Z level=DEBUG msg=lua msg="[Achievements registration] - Registering achievement 'Rumble in the Plant' with id '362'"
canary-go-server  | time=2026-07-23T23:59:08.002Z level=DEBUG msg=lua msg="[Achievements registration] - Registering achievement 'Robo Chop' with id '363'"
canary-go-server  | time=2026-07-23T23:59:08.002Z level=DEBUG msg=lua msg="[Achievements registration] - Registering achievement 'Go with da Lava Flow' with id '364'"
canary-go-server  | time=2026-07-23T23:59:08.002Z level=DEBUG msg=lua msg="[Achievements registration] - Registering achievement 'Wail of the Banshee' with id '365'"
canary-go-server  | time=2026-07-23T23:59:08.002Z level=DEBUG msg=lua msg="[Achievements registration] - Registering achievement 'Publicity' with id '366'"
canary-go-server  | time=2026-07-23T23:59:08.003Z level=DEBUG msg=lua msg="[Achievements registration] - Registering achievement 'Snake Charmer' with id '367'"
canary-go-server  | time=2026-07-23T23:59:08.003Z level=DEBUG msg=lua msg="[Achievements registration] - Registering achievement 'Hoard of the Dragon' with id '368'"
canary-go-server  | time=2026-07-23T23:59:08.003Z level=DEBUG msg=lua msg="[Achievements registration] - Registering achievement 'Little Ball of Wool' with id '370'"
canary-go-server  | time=2026-07-23T23:59:08.003Z level=DEBUG msg=lua msg="[Achievements registration] - Registering achievement 'Luminous Kitty' with id '371'"
canary-go-server  | time=2026-07-23T23:59:08.003Z level=DEBUG msg=lua msg="[Achievements registration] - Registering achievement 'The Right Tone' with id '372'"
canary-go-server  | time=2026-07-23T23:59:08.003Z level=DEBUG msg=lua msg="[Achievements registration] - Registering achievement 'Loyal Lad' with id '373'"
canary-go-server  | time=2026-07-23T23:59:08.003Z level=DEBUG msg=lua msg="[Achievements registration] - Registering achievement 'Dragon Mimicry' with id '374'"
canary-go-server  | time=2026-07-23T23:59:08.003Z level=DEBUG msg=lua msg="[Achievements registration] - Registering achievement 'Scales and Tail' with id '375'"
canary-go-server  | time=2026-07-23T23:59:08.003Z level=DEBUG msg=lua msg="[Achievements registration] - Registering achievement 'Fata Morgana' with id '376'"
canary-go-server  | time=2026-07-23T23:59:08.003Z level=DEBUG msg=lua msg="[Achievements registration] - Registering achievement 'Fabled Construction' with id '377'"
canary-go-server  | time=2026-07-23T23:59:08.003Z level=DEBUG msg=lua msg="[Achievements registration] - Registering achievement 'Mind the Dog!' with id '378'"
canary-go-server  | time=2026-07-23T23:59:08.003Z level=DEBUG msg=lua msg="[Achievements registration] - Registering achievement 'Magnetised' with id '379'"
canary-go-server  | time=2026-07-23T23:59:08.003Z level=DEBUG msg=lua msg="[Achievements registration] - Registering achievement 'Golden Sands' with id '380'"
canary-go-server  | time=2026-07-23T23:59:08.003Z level=DEBUG msg=lua msg="[Achievements registration] - Registering achievement 'Friend of Elves' with id '381'"
canary-go-server  | time=2026-07-23T23:59:08.003Z level=DEBUG msg=lua msg="[Achievements registration] - Registering achievement 'Lovely Dots' with id '382'"
canary-go-server  | time=2026-07-23T23:59:08.003Z level=DEBUG msg=lua msg="[Achievements registration] - Registering achievement 'Way to Hell' with id '383'"
canary-go-server  | time=2026-07-23T23:59:08.003Z level=DEBUG msg=lua msg="[Achievements registration] - Registering achievement 'Beneath the Sea' with id '384'"
canary-go-server  | time=2026-07-23T23:59:08.003Z level=DEBUG msg=lua msg="[Achievements registration] - Registering achievement 'Starless Night' with id '385'"
canary-go-server  | time=2026-07-23T23:59:08.003Z level=DEBUG msg=lua msg="[Achievements registration] - Registering achievement 'Lion King' with id '386'"
canary-go-server  | time=2026-07-23T23:59:08.003Z level=DEBUG msg=lua msg="[Achievements registration] - Registering achievement 'Pecking Order' with id '387'"
canary-go-server  | time=2026-07-23T23:59:08.003Z level=DEBUG msg=lua msg="[Achievements registration] - Registering achievement 'Pig-Headed' with id '388'"
canary-go-server  | time=2026-07-23T23:59:08.003Z level=DEBUG msg=lua msg="[Achievements registration] - Registering achievement 'Personal Nightmare' with id '389'"
canary-go-server  | time=2026-07-23T23:59:08.003Z level=DEBUG msg=lua msg="[Achievements registration] - Registering achievement 'Thick-Skinned' with id '390'"
canary-go-server  | time=2026-07-23T23:59:08.003Z level=DEBUG msg=lua msg="[Achievements registration] - Registering achievement 'Chequered Teddy' with id '391'"
canary-go-server  | time=2026-07-23T23:59:08.003Z level=DEBUG msg=lua msg="[Achievements registration] - Registering achievement 'Blacknailed' with id '392'"
canary-go-server  | time=2026-07-23T23:59:08.003Z level=DEBUG msg=lua msg="[Achievements registration] - Registering achievement 'Slugging Around' with id '393'"
canary-go-server  | time=2026-07-23T23:59:08.003Z level=DEBUG msg=lua msg="[Achievements registration] - Registering achievement 'Knock on Wood' with id '394'"
canary-go-server  | time=2026-07-23T23:59:08.003Z level=DEBUG msg=lua msg="[Achievements registration] - Registering achievement 'Fried Shrimp' with id '395'"
canary-go-server  | time=2026-07-23T23:59:08.003Z level=DEBUG msg=lua msg="[Achievements registration] - Registering achievement 'Out of the Stone Age' with id '396'"
canary-go-server  | time=2026-07-23T23:59:08.003Z level=DEBUG msg=lua msg="[Achievements registration] - Registering achievement 'Stuntman' with id '397'"
canary-go-server  | time=2026-07-23T23:59:08.003Z level=DEBUG msg=lua msg="[Achievements registration] - Registering achievement 'Gear Up' with id '398'"
canary-go-server  | time=2026-07-23T23:59:08.003Z level=DEBUG msg=lua msg="[Achievements registration] - Registering achievement 'Bearbaiting' with id '399'"
canary-go-server  | time=2026-07-23T23:59:08.003Z level=DEBUG msg=lua msg="[Achievements registration] - Registering achievement 'Lucky Horseshoe' with id '400'"
canary-go-server  | time=2026-07-23T23:59:08.003Z level=DEBUG msg=lua msg="[Achievements registration] - Registering achievement 'Swamp Beast' with id '401'"
canary-go-server  | time=2026-07-23T23:59:08.003Z level=DEBUG msg=lua msg="[Achievements registration] - Registering achievement 'Spin-Off' with id '402'"
canary-go-server  | time=2026-07-23T23:59:08.003Z level=DEBUG msg=lua msg="[Achievements registration] - Registering achievement 'Icy Glare' with id '403'"
canary-go-server  | time=2026-07-23T23:59:08.003Z level=DEBUG msg=lua msg="[Achievements registration] - Registering achievement 'Cartography 101' with id '404'"
canary-go-server  | time=2026-07-23T23:59:08.003Z level=DEBUG msg=lua msg="[Achievements registration] - Registering achievement 'Lost Palace Raider' with id '405'"
canary-go-server  | time=2026-07-23T23:59:08.003Z level=DEBUG msg=lua msg="[Achievements registration] - Registering achievement 'The More the Merrier' with id '406'"
canary-go-server  | time=2026-07-23T23:59:08.003Z level=DEBUG msg=lua msg="[Achievements registration] - Registering achievement 'Rift Warrior' with id '408'"
canary-go-server  | time=2026-07-23T23:59:08.003Z level=DEBUG msg=lua msg="[Achievements registration] - Registering achievement 'Hat Hunter' with id '410'"
canary-go-server  | time=2026-07-23T23:59:08.003Z level=DEBUG msg=lua msg="[Achievements registration] - Registering achievement 'Ogre Chef' with id '411'"
canary-go-server  | time=2026-07-23T23:59:08.003Z level=DEBUG msg=lua msg="[Achievements registration] - Registering achievement 'The Call of the Wild' with id '412'"
canary-go-server  | time=2026-07-23T23:59:08.003Z level=DEBUG msg=lua msg="[Achievements registration] - Registering achievement 'Ender of the End' with id '413'"
canary-go-server  | time=2026-07-23T23:59:08.003Z level=DEBUG msg=lua msg="[Achievements registration] - Registering achievement 'Vortex Tamer' with id '414'"
canary-go-server  | time=2026-07-23T23:59:08.003Z level=DEBUG msg=lua msg="[Achievements registration] - Registering achievement 'Rhino Rider' with id '415'"
canary-go-server  | time=2026-07-23T23:59:08.003Z level=DEBUG msg=lua msg="[Achievements registration] - Registering achievement 'Forbidden Fruit' with id '416'"
canary-go-server  | time=2026-07-23T23:59:08.003Z level=DEBUG msg=lua msg="[Achievements registration] - Registering achievement 'Forbidden Knowledge' with id '417'"
canary-go-server  | time=2026-07-23T23:59:08.003Z level=DEBUG msg=lua msg="[Achievements registration] - Registering achievement 'Treasure Hunter' with id '418'"
canary-go-server  | time=2026-07-23T23:59:08.003Z level=DEBUG msg=lua msg="[Achievements registration] - Registering achievement 'Reason to Celebrate' with id '419'"
canary-go-server  | time=2026-07-23T23:59:08.003Z level=DEBUG msg=lua msg="[Achievements registration] - Registering achievement 'Toothfairy Assistant' with id '420'"
canary-go-server  | time=2026-07-23T23:59:08.003Z level=DEBUG msg=lua msg="[Achievements registration] - Registering achievement 'Fairy Teasing' with id '421'"
canary-go-server  | time=2026-07-23T23:59:08.003Z level=DEBUG msg=lua msg="[Achievements registration] - Registering achievement 'Corruption Contained' with id '422'"
canary-go-server  | time=2026-07-23T23:59:08.003Z level=DEBUG msg=lua msg="[Achievements registration] - Registering achievement 'Little Adventure' with id '430'"
canary-go-server  | time=2026-07-23T23:59:08.003Z level=DEBUG msg=lua msg="[Achievements registration] - Registering achievement 'Little Big Adventure' with id '431'"
canary-go-server  | time=2026-07-23T23:59:08.003Z level=DEBUG msg=lua msg="[Achievements registration] - Registering achievement 'Contender' with id '432'"
canary-go-server  | time=2026-07-23T23:59:08.003Z level=DEBUG msg=lua msg="[Achievements registration] - Registering achievement 'Serious Contender' with id '433'"
canary-go-server  | time=2026-07-23T23:59:08.003Z level=DEBUG msg=lua msg="[Achievements registration] - Registering achievement 'Skilled Hunter' with id '434'"
canary-go-server  | time=2026-07-23T23:59:08.004Z level=DEBUG msg=lua msg="[Achievements registration] - Registering achievement 'Master Hunter' with id '435'"
canary-go-server  | time=2026-07-23T23:59:08.004Z level=DEBUG msg=lua msg="[Achievements registration] - Registering achievement 'Hunting Permit' with id '436'"
canary-go-server  | time=2026-07-23T23:59:08.004Z level=DEBUG msg=lua msg="[Achievements registration] - Registering achievement 'Over the Moon' with id '437'"
canary-go-server  | time=2026-07-23T23:59:08.004Z level=DEBUG msg=lua msg="[Achievements registration] - Registering achievement 'His Days are Counted' with id '438'"
canary-go-server  | time=2026-07-23T23:59:08.004Z level=DEBUG msg=lua msg="[Achievements registration] - Registering achievement 'Duked It Out' with id '439'"
canary-go-server  | time=2026-07-23T23:59:08.004Z level=DEBUG msg=lua msg="[Achievements registration] - Registering achievement 'Buried the Baron' with id '440'"
canary-go-server  | time=2026-07-23T23:59:08.004Z level=DEBUG msg=lua msg="[Achievements registration] - Registering achievement 'Death in the Depths' with id '441'"
canary-go-server  | time=2026-07-23T23:59:08.004Z level=DEBUG msg=lua msg="[Achievements registration] - Registering achievement 'Scourge of Scarabs' with id '442'"
canary-go-server  | time=2026-07-23T23:59:08.004Z level=DEBUG msg=lua msg="[Achievements registration] - Registering achievement 'Cobbled and Patched' with id '443'"
canary-go-server  | time=2026-07-23T23:59:08.004Z level=DEBUG msg=lua msg="[Achievements registration] - Registering achievement 'Up the Molehill' with id '444'"
canary-go-server  | time=2026-07-23T23:59:08.004Z level=DEBUG msg=lua msg="[Achievements registration] - Registering achievement 'Master Debater' with id '445'"
canary-go-server  | time=2026-07-23T23:59:08.004Z level=DEBUG msg=lua msg="[Achievements registration] - Registering achievement 'High and Dry' with id '446'"
canary-go-server  | time=2026-07-23T23:59:08.004Z level=DEBUG msg=lua msg="[Achievements registration] - Registering achievement 'Elven Woods' with id '447'"
canary-go-server  | time=2026-07-23T23:59:08.004Z level=DEBUG msg=lua msg="[Achievements registration] - Registering achievement 'Long Live the Queen' with id '448'"
canary-go-server  | time=2026-07-23T23:59:08.004Z level=DEBUG msg=lua msg="[Achievements registration] - Registering achievement 'Stronghold of Edron' with id '449'"
canary-go-server  | time=2026-07-23T23:59:08.004Z level=DEBUG msg=lua msg="[Achievements registration] - Registering achievement 'Dwarven Mines' with id '450'"
canary-go-server  | time=2026-07-23T23:59:08.004Z level=DEBUG msg=lua msg="[Achievements registration] - Registering achievement 'All Hail the King' with id '451'"
canary-go-server  | time=2026-07-23T23:59:08.004Z level=DEBUG msg=lua msg="[Achievements registration] - Registering achievement 'Jewel in the Swamp' with id '452'"
canary-go-server  | time=2026-07-23T23:59:08.004Z level=DEBUG msg=lua msg="[Achievements registration] - Registering achievement 'The Ogre Steppe' with id '453'"
canary-go-server  | time=2026-07-23T23:59:08.004Z level=DEBUG msg=lua msg="[Achievements registration] - Registering achievement 'Realms of Dreams' with id '454'"
canary-go-server  | time=2026-07-23T23:59:08.004Z level=DEBUG msg=lua msg="[Achievements registration] - Registering achievement 'Mummy's Dearest' with id '455'"
canary-go-server  | time=2026-07-23T23:59:08.004Z level=DEBUG msg=lua msg="[Achievements registration] - Registering achievement 'Daraman's Footsteps' with id '456'"
canary-go-server  | time=2026-07-23T23:59:08.004Z level=DEBUG msg=lua msg="[Achievements registration] - Registering achievement 'King of the Jungle' with id '457'"
canary-go-server  | time=2026-07-23T23:59:08.004Z level=DEBUG msg=lua msg="[Achievements registration] - Registering achievement 'Ancient Splendor' with id '458'"
canary-go-server  | time=2026-07-23T23:59:08.004Z level=DEBUG msg=lua msg="[Achievements registration] - Registering achievement 'Liberty Bay Watch' with id '459'"
canary-go-server  | time=2026-07-23T23:59:08.004Z level=DEBUG msg=lua msg="[Achievements registration] - Registering achievement 'Race to the Pole' with id '460'"
canary-go-server  | time=2026-07-23T23:59:08.004Z level=DEBUG msg=lua msg="[Achievements registration] - Registering achievement 'Lizard Kingdom' with id '461'"
canary-go-server  | time=2026-07-23T23:59:08.004Z level=DEBUG msg=lua msg="[Achievements registration] - Registering achievement 'Trip to the Beach' with id '462'"
canary-go-server  | time=2026-07-23T23:59:08.004Z level=DEBUG msg=lua msg="[Achievements registration] - Registering achievement 'Glooth Punk' with id '463'"
canary-go-server  | time=2026-07-23T23:59:08.004Z level=DEBUG msg=lua msg="[Achievements registration] - Registering achievement 'Twisted Dreams' with id '464'"
canary-go-server  | time=2026-07-23T23:59:08.004Z level=DEBUG msg=lua msg="[Achievements registration] - Registering achievement 'Library Liberator' with id '465'"
canary-go-server  | time=2026-07-23T23:59:08.004Z level=DEBUG msg=lua msg="[Achievements registration] - Registering achievement 'Spectulation' with id '466'"
canary-go-server  | time=2026-07-23T23:59:08.004Z level=DEBUG msg=lua msg="[Achievements registration] - Registering achievement 'Millennial Falcon' with id '467'"
canary-go-server  | time=2026-07-23T23:59:08.004Z level=DEBUG msg=lua msg="[Achievements registration] - Registering achievement 'Bibliomaniac' with id '468'"
canary-go-server  | time=2026-07-23T23:59:08.004Z level=DEBUG msg=lua msg="[Achievements registration] - Registering achievement 'Battle Mage' with id '469'"
canary-go-server  | time=2026-07-23T23:59:08.004Z level=DEBUG msg=lua msg="[Achievements registration] - Registering achievement 'Widely Travelled' with id '470'"
canary-go-server  | time=2026-07-23T23:59:08.004Z level=DEBUG msg=lua msg="[Achievements registration] - Registering achievement 'Running the Rift' with id '471'"
canary-go-server  | time=2026-07-23T23:59:08.004Z level=DEBUG msg=lua msg="[Achievements registration] - Registering achievement 'Exalted Battle Mage' with id '473'"
canary-go-server  | time=2026-07-23T23:59:08.004Z level=DEBUG msg=lua msg="[Achievements registration] - Registering achievement 'Areas of Effect' with id '474'"
canary-go-server  | time=2026-07-23T23:59:08.004Z level=DEBUG msg=lua msg="[Achievements registration] - Registering achievement 'Tied the Knot' with id '475'"
canary-go-server  | time=2026-07-23T23:59:08.004Z level=DEBUG msg=lua msg="[Achievements registration] - Registering achievement 'Keeper of the 7 Keys' with id '476'"
canary-go-server  | time=2026-07-23T23:59:08.004Z level=DEBUG msg=lua msg="[Achievements registration] - Registering achievement 'Dream Warrior' with id '477'"
canary-go-server  | time=2026-07-23T23:59:08.004Z level=DEBUG msg=lua msg="[Achievements registration] - Registering achievement 'Moth Whisperer' with id '478'"
canary-go-server  | time=2026-07-23T23:59:08.004Z level=DEBUG msg=lua msg="[Achievements registration] - Registering achievement 'Lacewing Catcher' with id '479'"
canary-go-server  | time=2026-07-23T23:59:08.004Z level=DEBUG msg=lua msg="[Achievements registration] - Registering achievement 'No Horse Open Sleigh' with id '480'"
canary-go-server  | time=2026-07-23T23:59:08.004Z level=DEBUG msg=lua msg="[Achievements registration] - Registering achievement 'Raider in the Dark' with id '481'"
canary-go-server  | time=2026-07-23T23:59:08.004Z level=DEBUG msg=lua msg="[Achievements registration] - Registering achievement 'Dream Catcher' with id '482'"
canary-go-server  | time=2026-07-23T23:59:08.004Z level=DEBUG msg=lua msg="[Achievements registration] - Registering achievement 'Champion of Summer' with id '483'"
canary-go-server  | time=2026-07-23T23:59:08.004Z level=DEBUG msg=lua msg="[Achievements registration] - Registering achievement 'Champion of Winter' with id '484'"
canary-go-server  | time=2026-07-23T23:59:08.004Z level=DEBUG msg=lua msg="[Achievements registration] - Registering achievement 'Bewitcher' with id '486'"
canary-go-server  | time=2026-07-23T23:59:08.004Z level=DEBUG msg=lua msg="[Achievements registration] - Registering achievement 'Gryphon Rider' with id '487'"
canary-go-server  | time=2026-07-23T23:59:08.004Z level=DEBUG msg=lua msg="[Achievements registration] - Registering achievement 'Sculptor Apprentice' with id '488'"
canary-go-server  | time=2026-07-23T23:59:08.004Z level=DEBUG msg=lua msg="[Achievements registration] - Registering achievement 'Sun and Sea' with id '489'"
canary-go-server  | time=2026-07-23T23:59:08.004Z level=DEBUG msg=lua msg="[Achievements registration] - Registering achievement 'A Study in Scarlett' with id '490'"
canary-go-server  | time=2026-07-23T23:59:08.004Z level=DEBUG msg=lua msg="[Achievements registration] - Registering achievement 'Avid Spectral Reader' with id '491'"
canary-go-server  | time=2026-07-23T23:59:08.004Z level=DEBUG msg=lua msg="[Achievements registration] - Registering achievement 'Hippofoddermus' with id '492'"
canary-go-server  | time=2026-07-23T23:59:08.004Z level=DEBUG msg=lua msg="[Achievements registration] - Registering achievement 'Inquisition's Hand' with id '493'"
canary-go-server  | time=2026-07-23T23:59:08.004Z level=DEBUG msg=lua msg="[Achievements registration] - Registering achievement 'The Empire's Glory' with id '494'"
canary-go-server  | time=2026-07-23T23:59:08.004Z level=DEBUG msg=lua msg="[Achievements registration] - Registering achievement 'Inquisition's Arm' with id '495'"
canary-go-server  | time=2026-07-23T23:59:08.004Z level=DEBUG msg=lua msg="[Achievements registration] - Registering achievement 'Traditionalist' with id '496'"
canary-go-server  | time=2026-07-23T23:59:08.004Z level=DEBUG msg=lua msg="[Achievements registration] - Registering achievement 'Do a Barrel Roll!' with id '497'"
canary-go-server  | time=2026-07-23T23:59:08.004Z level=DEBUG msg=lua msg="[Achievements registration] - Registering achievement 'Orcsoberfest Welcome' with id '499'"
canary-go-server  | time=2026-07-23T23:59:08.004Z level=DEBUG msg=lua msg="[Achievements registration] - Registering achievement 'Prospectre' with id '500'"
canary-go-server  | time=2026-07-23T23:59:08.004Z level=DEBUG msg=lua msg="[Achievements registration] - Registering achievement 'Nothing but Hot Air' with id '501'"
canary-go-server  | time=2026-07-23T23:59:08.004Z level=DEBUG msg=lua msg="[Achievements registration] - Registering achievement 'Verminbane' with id '502'"
canary-go-server  | time=2026-07-23T23:59:08.004Z level=DEBUG msg=lua msg="[Achievements registration] - Registering achievement 'Monsterhunter' with id '503'"
canary-go-server  | time=2026-07-23T23:59:08.004Z level=DEBUG msg=lua msg="[Achievements registration] - Registering achievement 'Taskmaster' with id '504'"
canary-go-server  | time=2026-07-23T23:59:08.004Z level=DEBUG msg=lua msg="[Achievements registration] - Registering achievement 'Mainstreet Nightmare' with id '505'"
canary-go-server  | time=2026-07-23T23:59:08.004Z level=DEBUG msg=lua msg="[Achievements registration] - Registering achievement 'Falconer' with id '506'"
canary-go-server  | time=2026-07-23T23:59:08.004Z level=DEBUG msg=lua msg="[Achievements registration] - Registering achievement 'Steppe Elegance' with id '507'"
canary-go-server  | time=2026-07-23T23:59:08.004Z level=DEBUG msg=lua msg="[Achievements registration] - Registering achievement 'Beyonder' with id '508'"
canary-go-server  | time=2026-07-23T23:59:08.004Z level=DEBUG msg=lua msg="[Achievements registration] - Registering achievement 'Drama in Darama' with id '510'"
canary-go-server  | time=2026-07-23T23:59:08.004Z level=DEBUG msg=lua msg="[Achievements registration] - Registering achievement 'Malefitz' with id '511'"
canary-go-server  | time=2026-07-23T23:59:08.004Z level=DEBUG msg=lua msg="[Achievements registration] - Registering achievement 'Lionheart' with id '512'"
canary-go-server  | time=2026-07-23T23:59:08.004Z level=DEBUG msg=lua msg="[Achievements registration] - Registering achievement 'Soul Mender' with id '513'"
canary-go-server  | time=2026-07-23T23:59:08.004Z level=DEBUG msg=lua msg="[Achievements registration] - Registering achievement 'You Got Horse Power' with id '514'"
canary-go-server  | time=2026-07-23T23:59:08.004Z level=DEBUG msg=lua msg="[Achievements registration] - Registering achievement 'Unleash the Beast' with id '515'"
canary-go-server  | time=2026-07-23T23:59:08.004Z level=DEBUG msg=lua msg="[Achievements registration] - Registering achievement 'Well Roared, Lion!' with id '516'"
canary-go-server  | time=2026-07-23T23:59:08.004Z level=DEBUG msg=lua msg="[Achievements registration] - Registering achievement 'Honorary Rascoohan' with id '518'"
canary-go-server  | time=2026-07-23T23:59:08.004Z level=DEBUG msg=lua msg="[Achievements registration] - Registering achievement 'Release the Kraken' with id '519'"
canary-go-server  | time=2026-07-23T23:59:08.004Z level=DEBUG msg=lua msg="[Achievements registration] - Registering achievement 'Pied Piper' with id '521'"
canary-go-server  | time=2026-07-23T23:59:08.004Z level=DEBUG msg=lua msg="[Achievements registration] - Registering achievement 'Woodcarver' with id '522'"
canary-go-server  | time=2026-07-23T23:59:08.004Z level=DEBUG msg=lua msg="[Achievements registration] - Registering achievement 'Bounacean Chivalry' with id '523'"
canary-go-server  | time=2026-07-23T23:59:08.004Z level=DEBUG msg=lua msg="[Achievements registration] - Registering achievement 'Knowledge Raider' with id '524'"
canary-go-server  | time=2026-07-23T23:59:08.004Z level=DEBUG msg=lua msg="[Achievements registration] - Registering achievement 'Citizen of Issavi' with id '525'"
canary-go-server  | time=2026-07-23T23:59:08.004Z level=DEBUG msg=lua msg="[Achievements registration] - Registering achievement 'King's Council' with id '526'"
canary-go-server  | time=2026-07-23T23:59:08.004Z level=DEBUG msg=lua msg="[Achievements registration] - Registering achievement 'Hot on the Trail' with id '527'"
canary-go-server  | time=2026-07-23T23:59:08.004Z level=DEBUG msg=lua msg="[Achievements registration] - Registering achievement 'Shell We Take a Ride' with id '528'"
canary-go-server  | time=2026-07-23T23:59:08.004Z level=DEBUG msg=lua msg="[Achievements registration] - Registering achievement 'Phantastic!' with id '529'"
canary-go-server  | time=2026-07-23T23:59:08.004Z level=DEBUG msg=lua msg="[Achievements registration] - Registering achievement 'Some Like It Hot' with id '530'"
canary-go-server  | time=2026-07-23T23:59:08.004Z level=DEBUG msg=lua msg="[Achievements registration] - Registering achievement 'First Achievement' with id '531'"
canary-go-server  | time=2026-07-23T23:59:08.004Z level=DEBUG msg=lua msg="[Achievements registration] - Registering achievement 'Sharp Dressed' with id '532'"
canary-go-server  | time=2026-07-23T23:59:08.004Z level=DEBUG msg=lua msg="[Achievements registration] - Registering achievement 'Engine Driver' with id '533'"
canary-go-server  | time=2026-07-23T23:59:08.004Z level=DEBUG msg=lua msg="[Achievements registration] - Registering achievement 'Friendly Fire' with id '534'"
canary-go-server  | time=2026-07-23T23:59:08.004Z level=DEBUG msg=lua msg="[Achievements registration] - Registering achievement 'Wedding Planner' with id '535'"
canary-go-server  | time=2026-07-23T23:59:08.004Z level=DEBUG msg=lua msg="[Achievements registration] - Registering achievement 'Beaver Away' with id '536'"
canary-go-server  | time=2026-07-23T23:59:08.004Z level=DEBUG msg=lua msg="[Achievements registration] - Registering achievement 'Snake Pit' with id '537'"
canary-go-server  | time=2026-07-23T23:59:08.004Z level=DEBUG msg=lua msg="[Achievements registration] - Registering achievement 'Royalty of Hazard' with id '538'"
canary-go-server  | time=2026-07-23T23:59:08.004Z level=DEBUG msg=lua msg="[Achievements registration] - Registering achievement 'Measuring the World' with id '539'"
canary-go-server  | time=2026-07-23T23:59:08.004Z level=DEBUG msg=lua msg="[Achievements registration] - Registering achievement 'Ripp-Ripp Hooray!' with id '540'"
canary-go-server  | time=2026-07-23T23:59:08.004Z level=DEBUG msg=lua msg="[Achievements registration] - Registering achievement 'Warrior of the Iks' with id '541'"
canary-go-server  | time=2026-07-23T23:59:08.004Z level=DEBUG msg=lua msg="[Achievements registration] - Registering achievement 'Mutagenius' with id '542'"
canary-go-server  | time=2026-07-23T23:59:08.004Z level=DEBUG msg=lua msg="[Achievements registration] - Registering achievement 'Strangest Thing' with id '543'"
canary-go-server  | time=2026-07-23T23:59:08.004Z level=DEBUG msg=lua msg="[Achievements registration] - Registering achievement 'Fully Decayed' with id '544'"
canary-go-server  | time=2026-07-23T23:59:08.004Z level=DEBUG msg=lua msg="[Achievements registration] - Registering achievement 'Like Fox and Mouse' with id '545'"
canary-go-server  | time=2026-07-23T23:59:08.004Z level=DEBUG msg=lua msg="[Achievements registration] - Registering achievement 'The Spirit of Purity' with id '546'"
canary-go-server  | time=2026-07-23T23:59:08.004Z level=DEBUG msg=lua msg="[Achievements registration] - Registering achievement 'Museum Goer' with id '547'"
canary-go-server  | time=2026-07-23T23:59:08.004Z level=DEBUG msg=lua msg="[Achievements registration] - Registering achievement 'Mystic Predator' with id '548'"
canary-go-server  | time=2026-07-23T23:59:08.004Z level=DEBUG msg=lua msg="[Achievements registration] - Registering achievement 'The Rule of Raccool' with id '549'"
canary-go-server  | time=2026-07-23T23:59:08.004Z level=DEBUG msg=lua msg="[Achievements registration] - Registering achievement 'I Wanna Fly Away' with id '552'"
canary-go-server  | time=2026-07-23T23:59:08.004Z level=DEBUG msg=lua msg="[Achievements registration] - Registering achievement 'The Rootwalker' with id '553'"
canary-go-server  | time=2026-07-23T23:59:08.004Z level=DEBUG msg=lua msg="[Achievements registration] - Registering achievement 'Soul Crusher' with id '554'"
canary-go-server  | time=2026-07-23T23:59:08.004Z level=DEBUG msg=lua msg="[Achievements registration] - Registering achievement 'Inner Peace' with id '555'"
canary-go-server  | time=2026-07-23T23:59:08.004Z level=DEBUG msg=lua msg="[Achievements registration] - Registering achievement 'Fiend Rider' with id '556'"
canary-go-server  | time=2026-07-23T23:59:08.004Z level=DEBUG msg=lua msg="[Achievements registration] - Registering achievement 'Fiend Slayer' with id '557'"
canary-go-server  | time=2026-07-23T23:59:08.005Z level=DEBUG msg=lua msg="[Achievements registration] - Registering achievement 'Tear the Toxic Veil' with id '558'"
canary-go-server  | time=2026-07-23T23:59:08.005Z level=DEBUG msg=lua msg="[Achievements registration] - Registering achievement 'Hope of the Merudri' with id '559'"
canary-go-server  | time=2026-07-23T23:59:08.005Z level=DEBUG msg=lua msg="[Achievements registration] - Registering achievement 'Umbral Redeemer' with id '560'"
canary-go-server  | time=2026-07-23T23:59:08.005Z level=DEBUG msg=lua msg="[Achievements registration] - Registering achievement 'Hell Rider' with id '561'"
canary-go-server  | time=2026-07-23T23:59:08.005Z level=DEBUG msg=lua msg="[Achievements registration] - Registering achievement 'Alpha Rider' with id '562'"
canary-go-server  | time=2026-07-23T23:59:08.005Z level=DEBUG msg=lua msg="[Achievements registration] - Registering achievement 'The First of Many' with id '564'"
canary-go-server  | time=2026-07-23T23:59:08.005Z level=DEBUG msg=lua msg="[Achievements registration] - Registering achievement 'A Well-Honed Arsenal' with id '565'"
canary-go-server  | time=2026-07-23T23:59:08.005Z level=DEBUG msg=lua msg="[Achievements registration] - Registering achievement 'Arsenal of War' with id '566'"
canary-go-server  | time=2026-07-23T23:59:08.005Z level=DEBUG msg=lua msg="[Achievements registration] - Registering achievement 'Bat Person' with id '568'"
canary-go-server  | time=2026-07-23T23:59:08.005Z level=DEBUG msg=lua msg="[Achievements registration] - Registering achievement 'Illuminator' with id '569'"
canary-go-server  | time=2026-07-23T23:59:08.005Z level=DEBUG msg=lua msg="[Achievements registration] - Registering achievement 'Power of Words' with id '570'"
canary-go-server  | time=2026-07-23T23:59:08.206Z level=INFO msg="loadScripts WalkDir finished successfully" dir=data/scripts
canary-go-server  | time=2026-07-23T23:59:08.206Z level=INFO msg="loadScripts starting walkthrough" dir=data-otservbr-global/scripts absDir=/app/data-otservbr-global/scripts
canary-go-server  | time=2026-07-23T23:59:08.239Z level=WARN msg="script error" file=data-otservbr-global/scripts/actions/other/fluids.lua err="data-otservbr-global/scripts/actions/other/fluids.lua:12: table index is nil\nstack traceback:\n\tdata-otservbr-global/scripts/actions/other/fluids.lua:12: in main chunk\n\t[G]: ?"
canary-go-server  | time=2026-07-23T23:59:08.873Z level=WARN msg="script error" file=data-otservbr-global/scripts/systems/hazard_primal.lua err="data-otservbr-global/scripts/systems/hazard_primal.lua:57: bad argument #2 to id (number expected, got nil)\nstack traceback:\n\t[G]: in function 'id'\n\tdata-otservbr-global/scripts/systems/hazard_primal.lua:57: in main chunk\n\t[G]: ?"
canary-go-server  | time=2026-07-23T23:59:08.879Z level=INFO msg="loadScripts WalkDir finished successfully" dir=data-otservbr-global/scripts
canary-go-server  | time=2026-07-23T23:59:08.922Z level=INFO msg="loaded in-game store module" path=data/modules/scripts/gamestore/gamestore.lua
canary-go-server  | time=2026-07-23T23:59:08.922Z level=INFO msg="registered actions (lua)" count=14206
canary-go-server  | time=2026-07-23T23:59:08.922Z level=INFO msg="registered instant spells (lua)" count=800
canary-go-server  | time=2026-07-23T23:59:08.922Z level=INFO msg="loadScripts starting walkthrough" dir=data-otservbr-global/monster absDir=/app/data-otservbr-global/monster
canary-go-server  | time=2026-07-23T23:59:09.114Z level=INFO msg="loadScripts WalkDir finished successfully" dir=data-otservbr-global/monster
canary-go-server  | time=2026-07-23T23:59:09.116Z level=WARN msg="some monster loot names could not be resolved to item ids" count=7
canary-go-server  | time=2026-07-23T23:59:09.116Z level=INFO msg="loaded monster types (lua)" count=1666
canary-go-server  | time=2026-07-23T23:59:09.116Z level=INFO msg="loadScripts starting walkthrough" dir=data-otservbr-global/npc absDir=/app/data-otservbr-global/npc
canary-go-server  | time=2026-07-23T23:59:13.435Z level=INFO msg="loadScripts WalkDir finished successfully" dir=data-otservbr-global/npc
canary-go-server  | time=2026-07-23T23:59:13.435Z level=INFO msg=lua msg="[migration] === Executing game migrations ==="
canary-go-server  | time=2026-07-23T23:59:13.435Z level=INFO msg=lua msg="[migration] Executing game migration 20231128213158_move_hireling_data_to_kv"
canary-go-server  | time=2026-07-23T23:59:13.435Z level=INFO msg=lua msg="[migration] Executing game migration 20241708000535_move_achievement_to_kv"
canary-go-server  | time=2026-07-23T23:59:13.435Z level=INFO msg=lua msg="[migration] Executing game migration 20241708362079_move_vip_system_to_kv"
canary-go-server  | time=2026-07-23T23:59:13.435Z level=INFO msg=lua msg="[migration] Executing game migration 20241715984294_quests_storages_to_kv"
canary-go-server  | time=2026-07-23T23:59:13.435Z level=INFO msg=lua msg="[migration] Executing game migration 20251737599334_reset_charms"
canary-go-server  | time=2026-07-23T23:59:13.435Z level=INFO msg=lua msg="[Migration] Resetting old charms for all players. This may take some time..."
canary-go-server  | time=2026-07-23T23:59:13.435Z level=INFO msg=lua msg="[Migration] Successfully reset charms for 0 players."
canary-go-server  | time=2026-07-23T23:59:13.435Z level=INFO msg=lua msg="[migration] === Game migrations executed in 0s ==="
canary-go-server  | time=2026-07-23T23:59:13.435Z level=DEBUG msg=lua msg="Loaded 0 npcs and spawned 0 monsters"
canary-go-server  | time=2026-07-23T23:59:13.435Z level=DEBUG msg=lua msg="Loaded 0 towns with 0 houses in total"
canary-go-server  | time=2026-07-23T23:59:13.436Z level=WARN msg="GlobalEvent onStartup error" event="Server Initialization" err="data/scripts/globalevents/server_initialization.lua:12: cannot perform concat operation between string and nil\nstack traceback:\n\tdata/scripts/globalevents/server_initialization.lua:12: in function 'cleanupDatabase'\n\tdata/scripts/globalevents/server_initialization.lua:129: in main chunk\n\t[G]: ?"
canary-go-server  | time=2026-07-23T23:59:13.436Z level=ERROR msg=lua msg="[customMonsterLoot.onStartup] - Monster type not found: Dragon"
canary-go-server  | time=2026-07-23T23:59:13.436Z level=DEBUG msg=lua msg="Loading map attributes"
canary-go-server  | time=2026-07-23T23:59:13.436Z level=ERROR msg=lua msg="[loadLuaMapSign] - Wrong item id 2012 found"
canary-go-server  | time=2026-07-23T23:59:13.436Z level=WARN msg="GlobalEvent onStartup error" event="Map Attributes Loader" err="data-otservbr-global/startup/others/functions.lua:96: attempt to call a non-function object\nstack traceback:\n\tdata-otservbr-global/startup/others/functions.lua:96: in function 'loadLuaMapSign'\n\tdata-otservbr-global/scripts/globalevents/others/map_attributes_loader.lua:28: in function 'loadMapAttributes'\n\tdata-otservbr-global/scripts/globalevents/others/map_attributes_loader.lua:50: in main chunk\n\t[G]: ?"
canary-go-server  | time=2026-07-23T23:59:13.436Z level=INFO msg=lua msg="Rashid arrived at Ankrahmun"
canary-go-server  | time=2026-07-23T23:59:13.450Z level=INFO msg=lua msg="[World Change] The Dream Courts today's boss is: Maxxenius!"
canary-go-server  | time=2026-07-23T23:59:13.461Z level=INFO msg=lua msg="[World Change] Fury Gate has arrived in Venore!"
canary-go-server  | time=2026-07-23T23:59:13.462Z level=INFO msg=lua msg="[World Change] Nightmare Isle is active in North of Darashia"
canary-go-server  | time=2026-07-23T23:59:13.462Z level=INFO msg=lua msg="Yasir: not this time"
canary-go-server  | time=2026-07-23T23:59:13.463Z level=INFO msg="executed startup global events" count=19
canary-go-server  | time=2026-07-23T23:59:13.463Z level=INFO msg="canary-go is running" login=7171 game=7172
canary-go-server  | time=2026-07-23T23:59:13.463Z level=INFO msg="async job worker polling table async_jobs"
canary-go-server  | time=2026-07-23T23:59:13.471Z level=INFO msg="service listening" service=login addr=:7171
canary-go-server  | time=2026-07-23T23:59:13.472Z level=INFO msg="service listening" service=game addr=:7172
canary-go-server  | time=2026-07-23T23:59:13.960Z level=WARN msg="spawned monster type not found in registry; falling back to default Rat attributes" name="Norcferatu Nightweaver"
canary-go-server  | time=2026-07-23T23:59:13.960Z level=WARN msg="spawned monster type not found in registry; falling back to default Rat attributes" name=Varg
canary-go-server  | time=2026-07-23T23:59:13.960Z level=WARN msg="spawned monster type not found in registry; falling back to default Rat attributes" name="Norcferatu Heartless"
canary-go-server  | time=2026-07-23T23:59:13.960Z level=WARN msg="spawned monster type not found in registry; falling back to default Rat attributes" name="Norcferatu Heartless"
canary-go-server  | time=2026-07-23T23:59:13.960Z level=WARN msg="spawned monster type not found in registry; falling back to default Rat attributes" name="Gloom Maw"
canary-go-server  | time=2026-07-23T23:59:13.960Z level=WARN msg="spawned monster type not found in registry; falling back to default Rat attributes" name="Orclops Bloodbreaker"
canary-go-server  | time=2026-07-23T23:59:13.960Z level=WARN msg="spawned monster type not found in registry; falling back to default Rat attributes" name=Varg
canary-go-server  | time=2026-07-23T23:59:13.960Z level=WARN msg="spawned monster type not found in registry; falling back to default Rat attributes" name="Norcferatu Heartless"
canary-go-server  | time=2026-07-23T23:59:13.960Z level=WARN msg="spawned monster type not found in registry; falling back to default Rat attributes" name="Norcferatu Heartless"
canary-go-server  | time=2026-07-23T23:59:13.960Z level=WARN msg="spawned monster type not found in registry; falling back to default Rat attributes" name=Varg
canary-go-server  | time=2026-07-23T23:59:13.960Z level=WARN msg="spawned monster type not found in registry; falling back to default Rat attributes" name="Orclops Bloodbreaker"
canary-go-server  | time=2026-07-23T23:59:13.960Z level=WARN msg="spawned monster type not found in registry; falling back to default Rat attributes" name="Gloom Maw"
canary-go-server  | time=2026-07-23T23:59:13.960Z level=WARN msg="spawned monster type not found in registry; falling back to default Rat attributes" name="Norcferatu Heartless"
canary-go-server  | time=2026-07-23T23:59:13.960Z level=WARN msg="spawned monster type not found in registry; falling back to default Rat attributes" name=Varg
canary-go-server  | time=2026-07-23T23:59:13.960Z level=WARN msg="spawned monster type not found in registry; falling back to default Rat attributes" name="Norcferatu Heartless"
canary-go-server  | time=2026-07-23T23:59:13.960Z level=WARN msg="spawned monster type not found in registry; falling back to default Rat attributes" name=Varg
canary-go-server  | time=2026-07-23T23:59:13.960Z level=WARN msg="spawned monster type not found in registry; falling back to default Rat attributes" name="Norcferatu Nightweaver"
canary-go-server  | time=2026-07-23T23:59:13.961Z level=WARN msg="spawned monster type not found in registry; falling back to default Rat attributes" name="Norcferatu Heartless"
canary-go-server  | time=2026-07-23T23:59:13.961Z level=WARN msg="spawned monster type not found in registry; falling back to default Rat attributes" name="Norcferatu Heartless"
canary-go-server  | time=2026-07-23T23:59:13.961Z level=WARN msg="spawned monster type not found in registry; falling back to default Rat attributes" name="Norcferatu Heartless"
canary-go-server  | time=2026-07-23T23:59:13.961Z level=WARN msg="spawned monster type not found in registry; falling back to default Rat attributes" name=Varg
canary-go-server  | time=2026-07-23T23:59:13.961Z level=WARN msg="spawned monster type not found in registry; falling back to default Rat attributes" name="Norcferatu Heartless"
canary-go-server  | time=2026-07-23T23:59:13.961Z level=WARN msg="spawned monster type not found in registry; falling back to default Rat attributes" name="Norcferatu Nightweaver"
canary-go-server  | time=2026-07-23T23:59:13.961Z level=WARN msg="spawned monster type not found in registry; falling back to default Rat attributes" name="Norcferatu Nightweaver"
canary-go-server  | time=2026-07-23T23:59:13.961Z level=WARN msg="spawned monster type not found in registry; falling back to default Rat attributes" name=Varg
canary-go-server  | time=2026-07-23T23:59:13.961Z level=WARN msg="spawned monster type not found in registry; falling back to default Rat attributes" name="Orclops Bloodbreaker"
canary-go-server  | time=2026-07-23T23:59:13.961Z level=WARN msg="spawned monster type not found in registry; falling back to default Rat attributes" name="Norcferatu Nightweaver"
canary-go-server  | time=2026-07-23T23:59:13.961Z level=WARN msg="spawned monster type not found in registry; falling back to default Rat attributes" name=Varg
canary-go-server  | time=2026-07-23T23:59:13.961Z level=WARN msg="spawned monster type not found in registry; falling back to default Rat attributes" name="Norcferatu Nightweaver"
canary-go-server  | time=2026-07-23T23:59:13.961Z level=WARN msg="spawned monster type not found in registry; falling back to default Rat attributes" name=Varg
canary-go-server  | time=2026-07-23T23:59:13.961Z level=WARN msg="spawned monster type not found in registry; falling back to default Rat attributes" name="Norcferatu Nightweaver"
canary-go-server  | time=2026-07-23T23:59:13.961Z level=WARN msg="spawned monster type not found in registry; falling back to default Rat attributes" name=Varg
canary-go-server  | time=2026-07-23T23:59:13.961Z level=WARN msg="spawned monster type not found in registry; falling back to default Rat attributes" name="Norcferatu Nightweaver"
canary-go-server  | time=2026-07-23T23:59:13.961Z level=WARN msg="spawned monster type not found in registry; falling back to default Rat attributes" name=Varg
canary-go-server  | time=2026-07-23T23:59:13.961Z level=WARN msg="spawned monster type not found in registry; falling back to default Rat attributes" name="Orclops Bloodbreaker"
canary-go-server  | time=2026-07-23T23:59:13.961Z level=WARN msg="spawned monster type not found in registry; falling back to default Rat attributes" name="Norcferatu Nightweaver"
canary-go-server  | time=2026-07-23T23:59:13.961Z level=WARN msg="spawned monster type not found in registry; falling back to default Rat attributes" name="Norcferatu Heartless"
canary-go-server  | time=2026-07-23T23:59:13.961Z level=WARN msg="spawned monster type not found in registry; falling back to default Rat attributes" name="Norcferatu Nightweaver"
canary-go-server  | time=2026-07-23T23:59:13.961Z level=WARN msg="spawned monster type not found in registry; falling back to default Rat attributes" name="Orclops Bloodbreaker"
canary-go-server  | time=2026-07-23T23:59:13.962Z level=WARN msg="spawned monster type not found in registry; falling back to default Rat attributes" name="Norcferatu Nightweaver"
canary-go-server  | time=2026-07-23T23:59:13.963Z level=WARN msg="spawned monster type not found in registry; falling back to default Rat attributes" name="Norcferatu Nightweaver"
canary-go-server  | time=2026-07-23T23:59:13.963Z level=WARN msg="spawned monster type not found in registry; falling back to default Rat attributes" name="Norcferatu Heartless"
canary-go-server  | time=2026-07-23T23:59:13.963Z level=WARN msg="spawned monster type not found in registry; falling back to default Rat attributes" name="Norcferatu Nightweaver"
canary-go-server  | time=2026-07-23T23:59:13.963Z level=WARN msg="spawned monster type not found in registry; falling back to default Rat attributes" name="Norcferatu Heartless"
canary-go-server  | time=2026-07-23T23:59:13.963Z level=WARN msg="spawned monster type not found in registry; falling back to default Rat attributes" name="Dworc Shadowstalker"
canary-go-server  | time=2026-07-23T23:59:13.963Z level=WARN msg="spawned monster type not found in registry; falling back to default Rat attributes" name="Norcferatu Nightweaver"
canary-go-db      | 2026-07-22 15:31:54+00:00 [Note] [Entrypoint]: Entrypoint script for MariaDB Server 1:11.4.12+maria~ubu2404 started.
canary-go-db      | 2026-07-22 15:31:54+00:00 [Warn] [Entrypoint]: /sys/fs/cgroup///memory.pressure not writable, functionality unavailable to MariaDB
canary-go-db      | 2026-07-22 15:31:54+00:00 [Note] [Entrypoint]: Switching to dedicated user 'mysql'
canary-go-db      | 2026-07-22 15:31:54+00:00 [Note] [Entrypoint]: Entrypoint script for MariaDB Server 1:11.4.12+maria~ubu2404 started.
canary-go-db      | 2026-07-22 15:31:55+00:00 [Note] [Entrypoint]: MariaDB upgrade not required
canary-go-db      | 2026-07-22 15:31:55 0 [Note] Starting MariaDB 11.4.12-MariaDB-ubu2404 source revision b4a80422bfeec93079a430c080fffbda8f6fa574 server_uid Y3YseKm+lavRw1lW3jYPFCGRTjo= as process 1
canary-go-db      | 2026-07-22 15:31:55 0 [Note] InnoDB: Compressed tables use zlib 1.3
canary-go-db      | 2026-07-22 15:31:55 0 [Note] InnoDB: Number of transaction pools: 1
canary-go-db      | 2026-07-22 15:31:55 0 [Note] InnoDB: Using AVX512 instructions
canary-go-db      | 2026-07-22 15:31:55 0 [Note] mariadbd: O_TMPFILE is not supported on /tmp (disabling future attempts)
canary-go-db      | 2026-07-22 15:31:55 0 [Warning] mariadbd: io_uring_queue_init() failed with EPERM: sysctl kernel.io_uring_disabled has the value 2, or 1 and the user of the process is not a member of sysctl kernel.io_uring_group. (see man 2 io_uring_setup).
canary-go-db      | create_uring failed: falling back to libaio
canary-go-server  | time=2026-07-23T23:59:13.963Z level=WARN msg="spawned monster type not found in registry; falling back to default Rat attributes" name="Norcferatu Nightweaver"
canary-go-db      | 2026-07-22 15:31:55 0 [Note] InnoDB: Using Linux native AIO
canary-go-server  | time=2026-07-23T23:59:13.963Z level=WARN msg="spawned monster type not found in registry; falling back to default Rat attributes" name="Norcferatu Heartless"
canary-go-server  | time=2026-07-23T23:59:13.965Z level=WARN msg="spawned monster type not found in registry; falling back to default Rat attributes" name=Varg
canary-go-db      | 2026-07-22 15:31:55 0 [Note] InnoDB: innodb_buffer_pool_size_max=8388608m, innodb_buffer_pool_size=128m
canary-go-db      | 2026-07-22 15:31:55 0 [Note] InnoDB: Completed initialization of buffer pool
canary-go-db      | 2026-07-22 15:31:55 0 [Note] InnoDB: File system buffers for log disabled (block size=4096 bytes)
canary-go-db      | 2026-07-22 15:31:55 0 [Note] InnoDB: End of log at LSN=3189990
canary-go-db      | 2026-07-22 15:31:55 0 [Note] InnoDB: Opened 3 undo tablespaces
canary-go-db      | 2026-07-22 15:31:55 0 [Note] InnoDB: 128 rollback segments in 3 undo tablespaces are active.
canary-go-db      | 2026-07-22 15:31:55 0 [Note] InnoDB: Setting file './ibtmp1' size to 12.000MiB. Physically writing the file full; Please wait ...
canary-go-db      | 2026-07-22 15:31:55 0 [Note] InnoDB: File './ibtmp1' size is now 12.000MiB.
canary-go-db      | 2026-07-22 15:31:55 0 [Note] InnoDB: log sequence number 3189990; transaction id 325491
canary-go-db      | 2026-07-22 15:31:55 0 [Note] InnoDB: Loading buffer pool(s) from /var/lib/mysql/ib_buffer_pool
canary-go-db      | 2026-07-22 15:31:55 0 [Note] Plugin 'FEEDBACK' is disabled.
canary-go-db      | 2026-07-22 15:31:55 0 [Note] Plugin 'wsrep-provider' is disabled.
canary-go-db      | 2026-07-22 15:31:55 0 [Note] InnoDB: Buffer pool(s) load completed at 260722 15:31:55
canary-go-db      | 2026-07-22 15:31:55 0 [Note] Server socket created on IP: '0.0.0.0', port: '3306'.
canary-go-db      | 2026-07-22 15:31:55 0 [Note] Server socket created on IP: '::', port: '3306'.
canary-go-db      | 2026-07-22 15:31:55 0 [Note] mariadbd: Event Scheduler: Loaded 0 events
canary-go-db      | 2026-07-22 15:31:55 0 [Note] mariadbd: ready for connections.
canary-go-db      | Version: '11.4.12-MariaDB-ubu2404'  socket: '/run/mysqld/mysqld.sock'  port: 3306  mariadb.org binary distribution
canary-go-db      | 2026-07-22 19:22:10 3094 [Warning] Aborted connection 3094 to db: 'canary' user: 'canary' host: '172.21.0.4' (Got an error reading communication packets)
canary-go-db      | 2026-07-23 20:20:14 23399 [Warning] Aborted connection 23399 to db: 'canary' user: 'canary' host: '172.21.0.4' (Got an error reading communication packets)
canary-go-db      | 2026-07-23 20:20:51 23409 [Warning] Aborted connection 23409 to db: 'canary' user: 'canary' host: '172.21.0.4' (Got an error reading communication packets)
canary-go-db      | 2026-07-23 22:45:41 25368 [Warning] Aborted connection 25368 to db: 'canary' user: 'canary' host: '172.21.0.4' (Got an error reading communication packets)
canary-go-db      | 2026-07-23 22:56:56 25517 [Warning] Aborted connection 25517 to db: 'canary' user: 'canary' host: '172.21.0.4' (Got an error reading communication packets)
canary-go-db      | 2026-07-23 23:01:00 25562 [Warning] Aborted connection 25562 to db: 'canary' user: 'canary' host: '172.21.0.4' (Got an error reading communication packets)
canary-go-server  | time=2026-07-23T23:59:13.965Z level=WARN msg="spawned monster type not found in registry; falling back to default Rat attributes" name="Norcferatu Heartless"
canary-go-server  | time=2026-07-23T23:59:13.965Z level=WARN msg="spawned monster type not found in registry; falling back to default Rat attributes" name="Norcferatu Nightweaver"
canary-go-server  | time=2026-07-23T23:59:13.965Z level=WARN msg="spawned monster type not found in registry; falling back to default Rat attributes" name="Norcferatu Nightweaver"
canary-go-server  | time=2026-07-23T23:59:13.965Z level=WARN msg="spawned monster type not found in registry; falling back to default Rat attributes" name=Varg
canary-go-server  | time=2026-07-23T23:59:13.965Z level=WARN msg="spawned monster type not found in registry; falling back to default Rat attributes" name="Norcferatu Heartless"
canary-go-server  | time=2026-07-23T23:59:13.965Z level=WARN msg="spawned monster type not found in registry; falling back to default Rat attributes" name="Orclops Bloodbreaker"
canary-go-server  | time=2026-07-23T23:59:13.965Z level=WARN msg="spawned monster type not found in registry; falling back to default Rat attributes" name="Norcferatu Nightweaver"
canary-go-server  | time=2026-07-23T23:59:13.965Z level=WARN msg="spawned monster type not found in registry; falling back to default Rat attributes" name="Gloom Maw"
canary-go-server  | time=2026-07-23T23:59:13.965Z level=WARN msg="spawned monster type not found in registry; falling back to default Rat attributes" name="Norcferatu Heartless"
canary-go-server  | time=2026-07-23T23:59:13.965Z level=WARN msg="spawned monster type not found in registry; falling back to default Rat attributes" name="Orclops Bloodbreaker"
canary-go-server  | time=2026-07-23T23:59:13.965Z level=WARN msg="spawned monster type not found in registry; falling back to default Rat attributes" name=Varg
canary-go-server  | time=2026-07-23T23:59:13.965Z level=WARN msg="spawned monster type not found in registry; falling back to default Rat attributes" name="Norcferatu Heartless"
canary-go-server  | time=2026-07-23T23:59:13.965Z level=WARN msg="spawned monster type not found in registry; falling back to default Rat attributes" name="Norcferatu Nightweaver"
canary-go-server  | time=2026-07-23T23:59:13.965Z level=WARN msg="spawned monster type not found in registry; falling back to default Rat attributes" name=Varg
canary-go-server  | time=2026-07-23T23:59:13.965Z level=WARN msg="spawned monster type not found in registry; falling back to default Rat attributes" name="Norcferatu Heartless"
canary-go-server  | time=2026-07-23T23:59:13.965Z level=WARN msg="spawned monster type not found in registry; falling back to default Rat attributes" name="Norcferatu Heartless"
canary-go-server  | time=2026-07-23T23:59:13.965Z level=WARN msg="spawned monster type not found in registry; falling back to default Rat attributes" name="Norcferatu Heartless"
canary-go-server  | time=2026-07-23T23:59:13.965Z level=WARN msg="spawned monster type not found in registry; falling back to default Rat attributes" name="Norcferatu Nightweaver"
canary-go-server  | time=2026-07-23T23:59:13.968Z level=WARN msg="spawned monster type not found in registry; falling back to default Rat attributes" name=Varg
canary-go-server  | time=2026-07-23T23:59:13.968Z level=WARN msg="spawned monster type not found in registry; falling back to default Rat attributes" name="Gloom Maw"
canary-go-server  | time=2026-07-23T23:59:13.968Z level=WARN msg="spawned monster type not found in registry; falling back to default Rat attributes" name="Gloom Maw"
canary-go-server  | time=2026-07-23T23:59:13.968Z level=WARN msg="spawned monster type not found in registry; falling back to default Rat attributes" name="Norcferatu Heartless"
canary-go-server  | time=2026-07-23T23:59:13.968Z level=WARN msg="spawned monster type not found in registry; falling back to default Rat attributes" name=Varg
canary-go-server  | time=2026-07-23T23:59:13.968Z level=WARN msg="spawned monster type not found in registry; falling back to default Rat attributes" name="Norcferatu Heartless"
canary-go-server  | time=2026-07-23T23:59:13.968Z level=WARN msg="spawned monster type not found in registry; falling back to default Rat attributes" name="Dworc Shadowstalker"
canary-go-server  | time=2026-07-23T23:59:13.968Z level=WARN msg="spawned monster type not found in registry; falling back to default Rat attributes" name="Norcferatu Nightweaver"
canary-go-server  | time=2026-07-23T23:59:13.968Z level=WARN msg="spawned monster type not found in registry; falling back to default Rat attributes" name="Gloom Maw"
canary-go-server  | time=2026-07-23T23:59:13.968Z level=WARN msg="spawned monster type not found in registry; falling back to default Rat attributes" name=crate
canary-go-server  | time=2026-07-23T23:59:13.968Z level=WARN msg="spawned monster type not found in registry; falling back to default Rat attributes" name=Varg
canary-go-server  | time=2026-07-23T23:59:13.968Z level=WARN msg="spawned monster type not found in registry; falling back to default Rat attributes" name="Blood Totem"
canary-go-server  | time=2026-07-23T23:59:13.968Z level=WARN msg="spawned monster type not found in registry; falling back to default Rat attributes" name="Norcferatu Heartless"
canary-go-server  | time=2026-07-23T23:59:13.968Z level=WARN msg="spawned monster type not found in registry; falling back to default Rat attributes" name=Varg
canary-go-server  | time=2026-07-23T23:59:13.968Z level=WARN msg="spawned monster type not found in registry; falling back to default Rat attributes" name=Varg
canary-go-server  | time=2026-07-23T23:59:13.968Z level=WARN msg="spawned monster type not found in registry; falling back to default Rat attributes" name="Blind Monstrosity"
canary-go-server  | time=2026-07-23T23:59:13.968Z level=WARN msg="spawned monster type not found in registry; falling back to default Rat attributes" name=Varg
canary-go-server  | time=2026-07-23T23:59:13.968Z level=WARN msg="spawned monster type not found in registry; falling back to default Rat attributes" name="Norcferatu Heartless"
canary-go-server  | time=2026-07-23T23:59:13.968Z level=WARN msg="spawned monster type not found in registry; falling back to default Rat attributes" name=Varg
canary-go-server  | time=2026-07-23T23:59:13.968Z level=WARN msg="spawned monster type not found in registry; falling back to default Rat attributes" name="Dworc Shadowstalker"
canary-go-server  | time=2026-07-23T23:59:13.968Z level=WARN msg="spawned monster type not found in registry; falling back to default Rat attributes" name="Gloom Maw"
canary-go-server  | time=2026-07-23T23:59:13.968Z level=WARN msg="spawned monster type not found in registry; falling back to default Rat attributes" name="Norcferatu Nightweaver"
canary-go-server  | time=2026-07-23T23:59:13.968Z level=WARN msg="spawned monster type not found in registry; falling back to default Rat attributes" name="Gloom Maw"
canary-go-server  | time=2026-07-23T23:59:13.968Z level=WARN msg="spawned monster type not found in registry; falling back to default Rat attributes" name="Norcferatu Nightweaver"
canary-go-server  | time=2026-07-23T23:59:13.968Z level=WARN msg="spawned monster type not found in registry; falling back to default Rat attributes" name="Norcferatu Heartless"
canary-go-server  | time=2026-07-23T23:59:13.968Z level=WARN msg="spawned monster type not found in registry; falling back to default Rat attributes" name="Norcferatu Heartless"
canary-go-server  | time=2026-07-23T23:59:13.968Z level=WARN msg="spawned monster type not found in registry; falling back to default Rat attributes" name="Norcferatu Heartless"
canary-go-server  | time=2026-07-23T23:59:13.968Z level=WARN msg="spawned monster type not found in registry; falling back to default Rat attributes" name="Norcferatu Heartless"
canary-go-server  | time=2026-07-23T23:59:13.968Z level=WARN msg="spawned monster type not found in registry; falling back to default Rat attributes" name="Norcferatu Heartless"
canary-go-server  | time=2026-07-23T23:59:13.968Z level=WARN msg="spawned monster type not found in registry; falling back to default Rat attributes" name=Varg
canary-go-server  | time=2026-07-23T23:59:13.968Z level=WARN msg="spawned monster type not found in registry; falling back to default Rat attributes" name="Norcferatu Nightweaver"
canary-go-server  | time=2026-07-23T23:59:13.968Z level=WARN msg="spawned monster type not found in registry; falling back to default Rat attributes" name=Varg
canary-go-server  | time=2026-07-23T23:59:13.968Z level=WARN msg="spawned monster type not found in registry; falling back to default Rat attributes" name="Norcferatu Nightweaver"
canary-go-server  | time=2026-07-23T23:59:13.968Z level=WARN msg="spawned monster type not found in registry; falling back to default Rat attributes" name=Varg
canary-go-server  | time=2026-07-23T23:59:13.968Z level=WARN msg="spawned monster type not found in registry; falling back to default Rat attributes" name=Varg
canary-go-server  | time=2026-07-23T23:59:13.968Z level=WARN msg="spawned monster type not found in registry; falling back to default Rat attributes" name=Varg
canary-go-server  | time=2026-07-23T23:59:13.968Z level=WARN msg="spawned monster type not found in registry; falling back to default Rat attributes" name="Norcferatu Heartless"
canary-go-server  | time=2026-07-23T23:59:13.971Z level=WARN msg="spawned monster type not found in registry; falling back to default Rat attributes" name="Norcferatu Heartless"
canary-go-server  | time=2026-07-23T23:59:13.971Z level=WARN msg="spawned monster type not found in registry; falling back to default Rat attributes" name="Norcferatu Nightweaver"
canary-go-server  | time=2026-07-23T23:59:13.971Z level=WARN msg="spawned monster type not found in registry; falling back to default Rat attributes" name=Varg
canary-go-server  | time=2026-07-23T23:59:13.971Z level=WARN msg="spawned monster type not found in registry; falling back to default Rat attributes" name=Varg
canary-go-server  | time=2026-07-23T23:59:13.971Z level=WARN msg="spawned monster type not found in registry; falling back to default Rat attributes" name="Gloom Maw"
canary-go-server  | time=2026-07-23T23:59:13.971Z level=WARN msg="spawned monster type not found in registry; falling back to default Rat attributes" name="Gloom Maw"
canary-go-server  | time=2026-07-23T23:59:13.971Z level=WARN msg="spawned monster type not found in registry; falling back to default Rat attributes" name=Varg
canary-go-server  | time=2026-07-23T23:59:13.971Z level=WARN msg="spawned monster type not found in registry; falling back to default Rat attributes" name="Gloom Maw"
canary-go-server  | time=2026-07-23T23:59:13.971Z level=WARN msg="spawned monster type not found in registry; falling back to default Rat attributes" name="Norcferatu Heartless"
canary-go-server  | time=2026-07-23T23:59:13.971Z level=WARN msg="spawned monster type not found in registry; falling back to default Rat attributes" name="Norcferatu Heartless"
canary-go-server  | time=2026-07-23T23:59:13.971Z level=WARN msg="spawned monster type not found in registry; falling back to default Rat attributes" name="Norcferatu Nightweaver"
canary-go-server  | time=2026-07-23T23:59:13.971Z level=WARN msg="spawned monster type not found in registry; falling back to default Rat attributes" name="Norcferatu Nightweaver"
canary-go-server  | time=2026-07-23T23:59:13.971Z level=WARN msg="spawned monster type not found in registry; falling back to default Rat attributes" name="Norcferatu Nightweaver"
canary-go-server  | time=2026-07-23T23:59:13.971Z level=WARN msg="spawned monster type not found in registry; falling back to default Rat attributes" name="Orclops Bloodbreaker"
canary-go-server  | time=2026-07-23T23:59:13.971Z level=WARN msg="spawned monster type not found in registry; falling back to default Rat attributes" name="Dworc Shadowstalker"
canary-go-server  | time=2026-07-23T23:59:13.971Z level=WARN msg="spawned monster type not found in registry; falling back to default Rat attributes" name="Norcferatu Heartless"
canary-go-server  | time=2026-07-23T23:59:13.971Z level=WARN msg="spawned monster type not found in registry; falling back to default Rat attributes" name="Dworc Shadowstalker"
canary-go-server  | time=2026-07-23T23:59:13.971Z level=WARN msg="spawned monster type not found in registry; falling back to default Rat attributes" name="Norcferatu Heartless"
canary-go-server  | time=2026-07-23T23:59:13.971Z level=WARN msg="spawned monster type not found in registry; falling back to default Rat attributes" name="Norcferatu Heartless"
canary-go-server  | time=2026-07-23T23:59:13.971Z level=WARN msg="spawned monster type not found in registry; falling back to default Rat attributes" name="Norcferatu Heartless"
canary-go-server  | time=2026-07-23T23:59:13.971Z level=WARN msg="spawned monster type not found in registry; falling back to default Rat attributes" name="Norcferatu Nightweaver"
canary-go-server  | time=2026-07-23T23:59:13.971Z level=WARN msg="spawned monster type not found in registry; falling back to default Rat attributes" name="Norcferatu Heartless"
canary-go-server  | time=2026-07-23T23:59:13.971Z level=WARN msg="spawned monster type not found in registry; falling back to default Rat attributes" name="Norcferatu Heartless"
canary-go-server  | time=2026-07-23T23:59:13.971Z level=WARN msg="spawned monster type not found in registry; falling back to default Rat attributes" name="Gloom Maw"
canary-go-server  | time=2026-07-23T23:59:13.971Z level=WARN msg="spawned monster type not found in registry; falling back to default Rat attributes" name="Norcferatu Nightweaver"
canary-go-server  | time=2026-07-23T23:59:13.971Z level=WARN msg="spawned monster type not found in registry; falling back to default Rat attributes" name="Norcferatu Heartless"
canary-go-server  | time=2026-07-23T23:59:13.971Z level=WARN msg="spawned monster type not found in registry; falling back to default Rat attributes" name=Varg
canary-go-server  | time=2026-07-23T23:59:13.971Z level=WARN msg="spawned monster type not found in registry; falling back to default Rat attributes" name="Norcferatu Nightweaver"
canary-go-server  | time=2026-07-23T23:59:13.971Z level=WARN msg="spawned monster type not found in registry; falling back to default Rat attributes" name="Norcferatu Nightweaver"
canary-go-server  | time=2026-07-23T23:59:13.971Z level=WARN msg="spawned monster type not found in registry; falling back to default Rat attributes" name="Norcferatu Nightweaver"
canary-go-server  | time=2026-07-23T23:59:13.971Z level=WARN msg="spawned monster type not found in registry; falling back to default Rat attributes" name="Norcferatu Nightweaver"
canary-go-server  | time=2026-07-23T23:59:13.971Z level=WARN msg="spawned monster type not found in registry; falling back to default Rat attributes" name=Varg
canary-go-server  | time=2026-07-23T23:59:13.971Z level=WARN msg="spawned monster type not found in registry; falling back to default Rat attributes" name="Gloom Maw"
canary-go-server  | time=2026-07-23T23:59:13.971Z level=WARN msg="spawned monster type not found in registry; falling back to default Rat attributes" name="Norcferatu Heartless"
canary-go-server  | time=2026-07-23T23:59:13.971Z level=WARN msg="spawned monster type not found in registry; falling back to default Rat attributes" name="Norcferatu Heartless"
canary-go-server  | time=2026-07-23T23:59:13.971Z level=WARN msg="spawned monster type not found in registry; falling back to default Rat attributes" name="Norcferatu Heartless"
canary-go-server  | time=2026-07-23T23:59:13.971Z level=WARN msg="spawned monster type not found in registry; falling back to default Rat attributes" name="Norcferatu Nightweaver"
canary-go-server  | time=2026-07-23T23:59:13.971Z level=WARN msg="spawned monster type not found in registry; falling back to default Rat attributes" name="Norcferatu Heartless"
canary-go-server  | time=2026-07-23T23:59:13.971Z level=WARN msg="spawned monster type not found in registry; falling back to default Rat attributes" name="Norcferatu Nightweaver"
canary-go-server  | time=2026-07-23T23:59:13.971Z level=WARN msg="spawned monster type not found in registry; falling back to default Rat attributes" name="Norcferatu Heartless"
canary-go-server  | time=2026-07-23T23:59:13.971Z level=WARN msg="spawned monster type not found in registry; falling back to default Rat attributes" name="Norcferatu Nightweaver"
canary-go-server  | time=2026-07-23T23:59:13.971Z level=WARN msg="spawned monster type not found in registry; falling back to default Rat attributes" name="Norcferatu Heartless"
canary-go-server  | time=2026-07-23T23:59:13.971Z level=WARN msg="spawned monster type not found in registry; falling back to default Rat attributes" name="Gloom Maw"
canary-go-server  | time=2026-07-23T23:59:13.971Z level=WARN msg="spawned monster type not found in registry; falling back to default Rat attributes" name="Norcferatu Heartless"
canary-go-server  | time=2026-07-23T23:59:13.971Z level=WARN msg="spawned monster type not found in registry; falling back to default Rat attributes" name="Norcferatu Nightweaver"
canary-go-server  | time=2026-07-23T23:59:13.971Z level=WARN msg="spawned monster type not found in registry; falling back to default Rat attributes" name="Norcferatu Heartless"
canary-go-server  | time=2026-07-23T23:59:13.978Z level=WARN msg="spawned monster type not found in registry; falling back to default Rat attributes" name="Norcferatu Nightweaver"
canary-go-server  | time=2026-07-23T23:59:13.978Z level=WARN msg="spawned monster type not found in registry; falling back to default Rat attributes" name="Orclops Bloodbreaker"
canary-go-server  | time=2026-07-23T23:59:13.978Z level=WARN msg="spawned monster type not found in registry; falling back to default Rat attributes" name="Orclops Bloodbreaker"
canary-go-server  | time=2026-07-23T23:59:13.978Z level=WARN msg="spawned monster type not found in registry; falling back to default Rat attributes" name="Dworc Shadowstalker"
canary-go-server  | time=2026-07-23T23:59:13.978Z level=WARN msg="spawned monster type not found in registry; falling back to default Rat attributes" name="Dworc Shadowstalker"
canary-go-server  | time=2026-07-23T23:59:13.978Z level=WARN msg="spawned monster type not found in registry; falling back to default Rat attributes" name="Norcferatu Heartless"
canary-go-server  | time=2026-07-23T23:59:13.978Z level=WARN msg="spawned monster type not found in registry; falling back to default Rat attributes" name="Orclops Bloodbreaker"
canary-go-server  | time=2026-07-23T23:59:13.978Z level=WARN msg="spawned monster type not found in registry; falling back to default Rat attributes" name="Norcferatu Nightweaver"
canary-go-server  | time=2026-07-23T23:59:13.978Z level=WARN msg="spawned monster type not found in registry; falling back to default Rat attributes" name="Orclops Bloodbreaker"
canary-go-server  | time=2026-07-23T23:59:13.978Z level=WARN msg="spawned monster type not found in registry; falling back to default Rat attributes" name="Dworc Shadowstalker"
canary-go-server  | time=2026-07-23T23:59:13.978Z level=WARN msg="spawned monster type not found in registry; falling back to default Rat attributes" name=Varg
canary-go-server  | time=2026-07-23T23:59:13.978Z level=WARN msg="spawned monster type not found in registry; falling back to default Rat attributes" name="Norcferatu Heartless"
canary-go-server  | time=2026-07-23T23:59:13.978Z level=WARN msg="spawned monster type not found in registry; falling back to default Rat attributes" name="Norcferatu Nightweaver"
canary-go-server  | time=2026-07-23T23:59:13.978Z level=WARN msg="spawned monster type not found in registry; falling back to default Rat attributes" name="Norcferatu Nightweaver"
canary-go-server  | time=2026-07-23T23:59:13.978Z level=WARN msg="spawned monster type not found in registry; falling back to default Rat attributes" name="Norcferatu Heartless"
canary-go-server  | time=2026-07-23T23:59:13.978Z level=WARN msg="spawned monster type not found in registry; falling back to default Rat attributes" name="Norcferatu Nightweaver"
canary-go-server  | time=2026-07-23T23:59:13.978Z level=WARN msg="spawned monster type not found in registry; falling back to default Rat attributes" name="Norcferatu Nightweaver"
canary-go-server  | time=2026-07-23T23:59:13.978Z level=WARN msg="spawned monster type not found in registry; falling back to default Rat attributes" name="Dworc Shadowstalker"
canary-go-server  | time=2026-07-23T23:59:13.978Z level=WARN msg="spawned monster type not found in registry; falling back to default Rat attributes" name="Dworc Shadowstalker"
canary-go-server  | time=2026-07-23T23:59:13.978Z level=WARN msg="spawned monster type not found in registry; falling back to default Rat attributes" name="Gloom Maw"
canary-go-server  | time=2026-07-23T23:59:13.978Z level=WARN msg="spawned monster type not found in registry; falling back to default Rat attributes" name=Varg
canary-go-server  | time=2026-07-23T23:59:13.978Z level=WARN msg="spawned monster type not found in registry; falling back to default Rat attributes" name=Varg
canary-go-server  | time=2026-07-23T23:59:13.978Z level=WARN msg="spawned monster type not found in registry; falling back to default Rat attributes" name=Varg
canary-go-server  | time=2026-07-23T23:59:13.978Z level=WARN msg="spawned monster type not found in registry; falling back to default Rat attributes" name=Varg
canary-go-server  | time=2026-07-23T23:59:13.978Z level=WARN msg="spawned monster type not found in registry; falling back to default Rat attributes" name=Varg
canary-go-server  | time=2026-07-23T23:59:13.978Z level=WARN msg="spawned monster type not found in registry; falling back to default Rat attributes" name=Varg
canary-go-server  | time=2026-07-23T23:59:13.978Z level=WARN msg="spawned monster type not found in registry; falling back to default Rat attributes" name="Orclops Bloodbreaker"
canary-go-server  | time=2026-07-23T23:59:13.978Z level=WARN msg="spawned monster type not found in registry; falling back to default Rat attributes" name="Norcferatu Nightweaver"
canary-go-server  | time=2026-07-23T23:59:13.978Z level=WARN msg="spawned monster type not found in registry; falling back to default Rat attributes" name="Norcferatu Heartless"
canary-go-server  | time=2026-07-23T23:59:13.978Z level=WARN msg="spawned monster type not found in registry; falling back to default Rat attributes" name="Norcferatu Nightweaver"
canary-go-server  | time=2026-07-23T23:59:13.978Z level=WARN msg="spawned monster type not found in registry; falling back to default Rat attributes" name="Norcferatu Heartless"
canary-go-server  | time=2026-07-23T23:59:13.978Z level=WARN msg="spawned monster type not found in registry; falling back to default Rat attributes" name="Norcferatu Heartless"
canary-go-server  | time=2026-07-23T23:59:13.978Z level=WARN msg="spawned monster type not found in registry; falling back to default Rat attributes" name="Norcferatu Heartless"
canary-go-server  | time=2026-07-23T23:59:13.978Z level=WARN msg="spawned monster type not found in registry; falling back to default Rat attributes" name="Orclops Bloodbreaker"
canary-go-server  | time=2026-07-23T23:59:13.978Z level=WARN msg="spawned monster type not found in registry; falling back to default Rat attributes" name="Orclops Bloodbreaker"
canary-go-server  | time=2026-07-23T23:59:13.978Z level=WARN msg="spawned monster type not found in registry; falling back to default Rat attributes" name=Varg
canary-go-server  | time=2026-07-23T23:59:13.978Z level=WARN msg="spawned monster type not found in registry; falling back to default Rat attributes" name="Blood Guardian"
canary-go-server  | time=2026-07-23T23:59:13.978Z level=WARN msg="spawned monster type not found in registry; falling back to default Rat attributes" name="possessed behemoth"
canary-go-server  | time=2026-07-23T23:59:13.978Z level=WARN msg="spawned monster type not found in registry; falling back to default Rat attributes" name="Orclops Bloodbreaker"
canary-go-server  | time=2026-07-23T23:59:13.978Z level=WARN msg="spawned monster type not found in registry; falling back to default Rat attributes" name="Norcferatu Heartless"
canary-go-server  | time=2026-07-23T23:59:13.978Z level=WARN msg="spawned monster type not found in registry; falling back to default Rat attributes" name="Norcferatu Nightweaver"
canary-go-server  | time=2026-07-23T23:59:13.978Z level=WARN msg="spawned monster type not found in registry; falling back to default Rat attributes" name="Dworc Shadowstalker"
canary-go-server  | time=2026-07-23T23:59:13.978Z level=WARN msg="spawned monster type not found in registry; falling back to default Rat attributes" name="Norcferatu Heartless"
canary-go-server  | time=2026-07-23T23:59:13.978Z level=WARN msg="spawned monster type not found in registry; falling back to default Rat attributes" name="Norcferatu Heartless"
canary-go-server  | time=2026-07-23T23:59:13.978Z level=WARN msg="spawned monster type not found in registry; falling back to default Rat attributes" name="Norcferatu Heartless"
canary-go-server  | time=2026-07-23T23:59:13.978Z level=WARN msg="spawned monster type not found in registry; falling back to default Rat attributes" name="Gloom Maw"
canary-go-server  | time=2026-07-23T23:59:13.978Z level=WARN msg="spawned monster type not found in registry; falling back to default Rat attributes" name="Norcferatu Nightweaver"
canary-go-server  | time=2026-07-23T23:59:13.978Z level=WARN msg="spawned monster type not found in registry; falling back to default Rat attributes" name="Norcferatu Nightweaver"
canary-go-server  | time=2026-07-23T23:59:13.978Z level=WARN msg="spawned monster type not found in registry; falling back to default Rat attributes" name="Gloom Maw"
canary-go-server  | time=2026-07-23T23:59:13.978Z level=WARN msg="spawned monster type not found in registry; falling back to default Rat attributes" name="Norcferatu Nightweaver"
canary-go-server  | time=2026-07-23T23:59:13.978Z level=WARN msg="spawned monster type not found in registry; falling back to default Rat attributes" name="Norcferatu Heartless"
canary-go-server  | time=2026-07-23T23:59:13.978Z level=WARN msg="spawned monster type not found in registry; falling back to default Rat attributes" name="Dworc Shadowstalker"
canary-go-server  | time=2026-07-23T23:59:13.979Z level=WARN msg="spawned monster type not found in registry; falling back to default Rat attributes" name="Norcferatu Nightweaver"
canary-go-server  | time=2026-07-23T23:59:13.979Z level=WARN msg="spawned monster type not found in registry; falling back to default Rat attributes" name="Gloom Maw"
canary-go-server  | time=2026-07-23T23:59:13.979Z level=WARN msg="spawned monster type not found in registry; falling back to default Rat attributes" name="Norcferatu Nightweaver"
canary-go-server  | time=2026-07-23T23:59:13.979Z level=WARN msg="spawned monster type not found in registry; falling back to default Rat attributes" name="Orclops Bloodbreaker"
canary-go-server  | time=2026-07-23T23:59:13.979Z level=WARN msg="spawned monster type not found in registry; falling back to default Rat attributes" name="Gloom Maw"
canary-go-server  | time=2026-07-23T23:59:13.979Z level=WARN msg="spawned monster type not found in registry; falling back to default Rat attributes" name="Norcferatu Nightweaver"
canary-go-server  | time=2026-07-23T23:59:13.979Z level=WARN msg="spawned monster type not found in registry; falling back to default Rat attributes" name="Gloom Maw"
canary-go-server  | time=2026-07-23T23:59:13.979Z level=WARN msg="spawned monster type not found in registry; falling back to default Rat attributes" name="Norcferatu Heartless"
canary-go-server  | time=2026-07-23T23:59:13.985Z level=WARN msg="spawned monster type not found in registry; falling back to default Rat attributes" name="Wafer Paper Butterfly"
canary-go-server  | time=2026-07-23T23:59:13.985Z level=WARN msg="spawned monster type not found in registry; falling back to default Rat attributes" name="Wafer Paper Butterfly"
canary-go-server  | time=2026-07-23T23:59:13.985Z level=WARN msg="spawned monster type not found in registry; falling back to default Rat attributes" name="Wafer Paper Butterfly"
canary-go-server  | time=2026-07-23T23:59:13.985Z level=WARN msg="spawned monster type not found in registry; falling back to default Rat attributes" name="Wafer Paper Butterfly"
canary-go-server  | time=2026-07-23T23:59:13.985Z level=WARN msg="spawned monster type not found in registry; falling back to default Rat attributes" name="Wafer Paper Butterfly"
canary-go-server  | time=2026-07-23T23:59:13.985Z level=WARN msg="spawned monster type not found in registry; falling back to default Rat attributes" name="Wafer Paper Butterfly"
canary-go-server  | time=2026-07-23T23:59:13.985Z level=WARN msg="spawned monster type not found in registry; falling back to default Rat attributes" name="Wafer Paper Butterfly"
canary-go-server  | time=2026-07-23T23:59:13.985Z level=WARN msg="spawned monster type not found in registry; falling back to default Rat attributes" name="Wafer Paper Butterfly"
canary-go-server  | time=2026-07-23T23:59:13.985Z level=WARN msg="spawned monster type not found in registry; falling back to default Rat attributes" name="Wafer Paper Butterfly"
canary-go-server  | time=2026-07-23T23:59:13.985Z level=WARN msg="spawned monster type not found in registry; falling back to default Rat attributes" name="Wafer Paper Butterfly"
canary-go-server  | time=2026-07-23T23:59:13.985Z level=WARN msg="spawned monster type not found in registry; falling back to default Rat attributes" name="Wafer Paper Butterfly"
canary-go-server  | time=2026-07-23T23:59:13.985Z level=WARN msg="spawned monster type not found in registry; falling back to default Rat attributes" name="Wafer Paper Butterfly"
canary-go-server  | time=2026-07-23T23:59:13.985Z level=WARN msg="spawned monster type not found in registry; falling back to default Rat attributes" name="Wafer Paper Butterfly"
canary-go-server  | time=2026-07-23T23:59:13.985Z level=WARN msg="spawned monster type not found in registry; falling back to default Rat attributes" name="Wafer Paper Butterfly"
canary-go-server  | time=2026-07-23T23:59:13.985Z level=WARN msg="spawned monster type not found in registry; falling back to default Rat attributes" name="Wafer Paper Butterfly"
canary-go-server  | time=2026-07-23T23:59:13.985Z level=WARN msg="spawned monster type not found in registry; falling back to default Rat attributes" name="Wafer Paper Butterfly"
canary-go-server  | time=2026-07-23T23:59:13.985Z level=WARN msg="spawned monster type not found in registry; falling back to default Rat attributes" name="Wafer Paper Butterfly"
canary-go-server  | time=2026-07-23T23:59:13.985Z level=WARN msg="spawned monster type not found in registry; falling back to default Rat attributes" name="Wafer Paper Butterfly"
canary-go-server  | time=2026-07-23T23:59:13.985Z level=WARN msg="spawned monster type not found in registry; falling back to default Rat attributes" name="Wafer Paper Butterfly"
canary-go-server  | time=2026-07-23T23:59:13.985Z level=WARN msg="spawned monster type not found in registry; falling back to default Rat attributes" name="Wafer Paper Butterfly"
canary-go-server  | time=2026-07-23T23:59:13.985Z level=WARN msg="spawned monster type not found in registry; falling back to default Rat attributes" name="Wafer Paper Butterfly"
canary-go-server  | time=2026-07-23T23:59:13.986Z level=WARN msg="spawned monster type not found in registry; falling back to default Rat attributes" name="Wafer Paper Butterfly"
canary-go-server  | time=2026-07-23T23:59:13.986Z level=WARN msg="spawned monster type not found in registry; falling back to default Rat attributes" name="Wafer Paper Butterfly"
canary-go-server  | time=2026-07-23T23:59:13.994Z level=WARN msg="spawned monster type not found in registry; falling back to default Rat attributes" name="Norcferatu Nightweaver"
canary-go-server  | time=2026-07-23T23:59:13.994Z level=WARN msg="spawned monster type not found in registry; falling back to default Rat attributes" name="Dworc Shadowstalker"
canary-go-server  | time=2026-07-23T23:59:13.994Z level=WARN msg="spawned monster type not found in registry; falling back to default Rat attributes" name="Dworc Shadowstalker"
canary-go-server  | time=2026-07-23T23:59:13.994Z level=WARN msg="spawned monster type not found in registry; falling back to default Rat attributes" name="Orclops Bloodbreaker"
canary-go-server  | time=2026-07-23T23:59:13.994Z level=WARN msg="spawned monster type not found in registry; falling back to default Rat attributes" name="Orclops Bloodbreaker"
canary-go-server  | time=2026-07-23T23:59:13.994Z level=WARN msg="spawned monster type not found in registry; falling back to default Rat attributes" name="Gloom Maw"
canary-go-server  | time=2026-07-23T23:59:13.994Z level=WARN msg="spawned monster type not found in registry; falling back to default Rat attributes" name="Norcferatu Heartless"
canary-go-server  | time=2026-07-23T23:59:13.994Z level=WARN msg="spawned monster type not found in registry; falling back to default Rat attributes" name="Norcferatu Nightweaver"
canary-go-server  | time=2026-07-23T23:59:13.994Z level=WARN msg="spawned monster type not found in registry; falling back to default Rat attributes" name="Norcferatu Heartless"
canary-go-server  | time=2026-07-23T23:59:13.994Z level=WARN msg="spawned monster type not found in registry; falling back to default Rat attributes" name="Norcferatu Heartless"
canary-go-server  | time=2026-07-23T23:59:13.994Z level=WARN msg="spawned monster type not found in registry; falling back to default Rat attributes" name="Norcferatu Heartless"
canary-go-server  | time=2026-07-23T23:59:13.994Z level=WARN msg="spawned monster type not found in registry; falling back to default Rat attributes" name="Dworc Shadowstalker"
canary-go-server  | time=2026-07-23T23:59:13.994Z level=WARN msg="spawned monster type not found in registry; falling back to default Rat attributes" name="Gloom Maw"
canary-go-server  | time=2026-07-23T23:59:13.995Z level=WARN msg="spawned monster type not found in registry; falling back to default Rat attributes" name="Dworc Shadowstalker"
canary-go-server  | time=2026-07-23T23:59:13.995Z level=WARN msg="spawned monster type not found in registry; falling back to default Rat attributes" name="Norcferatu Nightweaver"
canary-go-server  | time=2026-07-23T23:59:13.995Z level=WARN msg="spawned monster type not found in registry; falling back to default Rat attributes" name="Norcferatu Heartless"
canary-go-server  | time=2026-07-23T23:59:13.995Z level=WARN msg="spawned monster type not found in registry; falling back to default Rat attributes" name="Gloom Maw"
canary-go-server  | time=2026-07-23T23:59:13.995Z level=WARN msg="spawned monster type not found in registry; falling back to default Rat attributes" name="Norcferatu Nightweaver"
canary-go-server  | time=2026-07-23T23:59:13.995Z level=WARN msg="spawned monster type not found in registry; falling back to default Rat attributes" name="Norcferatu Heartless"
canary-go-server  | time=2026-07-23T23:59:13.995Z level=WARN msg="spawned monster type not found in registry; falling back to default Rat attributes" name="Norcferatu Nightweaver"
canary-go-server  | time=2026-07-23T23:59:13.995Z level=WARN msg="spawned monster type not found in registry; falling back to default Rat attributes" name=Varg
canary-go-server  | time=2026-07-23T23:59:13.995Z level=WARN msg="spawned monster type not found in registry; falling back to default Rat attributes" name="Orclops Bloodbreaker"
canary-go-server  | time=2026-07-23T23:59:13.995Z level=WARN msg="spawned monster type not found in registry; falling back to default Rat attributes" name=Varg
canary-go-server  | time=2026-07-23T23:59:13.995Z level=WARN msg="spawned monster type not found in registry; falling back to default Rat attributes" name="Dworc Shadowstalker"
canary-go-server  | time=2026-07-23T23:59:13.995Z level=WARN msg="spawned monster type not found in registry; falling back to default Rat attributes" name="Gloom Maw"
canary-go-server  | time=2026-07-23T23:59:13.995Z level=WARN msg="spawned monster type not found in registry; falling back to default Rat attributes" name="Orclops Bloodbreaker"
canary-go-server  | time=2026-07-23T23:59:13.995Z level=WARN msg="spawned monster type not found in registry; falling back to default Rat attributes" name=Varg
canary-go-server  | time=2026-07-23T23:59:13.995Z level=WARN msg="spawned monster type not found in registry; falling back to default Rat attributes" name="Norcferatu Nightweaver"
canary-go-server  | time=2026-07-23T23:59:13.995Z level=WARN msg="spawned monster type not found in registry; falling back to default Rat attributes" name="Norcferatu Nightweaver"
canary-go-server  | time=2026-07-23T23:59:13.995Z level=WARN msg="spawned monster type not found in registry; falling back to default Rat attributes" name=Varg
canary-go-server  | time=2026-07-23T23:59:13.995Z level=WARN msg="spawned monster type not found in registry; falling back to default Rat attributes" name="Norcferatu Nightweaver"
canary-go-server  | time=2026-07-23T23:59:13.995Z level=WARN msg="spawned monster type not found in registry; falling back to default Rat attributes" name=Varg
canary-go-server  | time=2026-07-23T23:59:13.995Z level=WARN msg="spawned monster type not found in registry; falling back to default Rat attributes" name="Dworc Shadowstalker"
canary-go-server  | time=2026-07-23T23:59:13.995Z level=WARN msg="spawned monster type not found in registry; falling back to default Rat attributes" name="Dworc Shadowstalker"
canary-go-server  | time=2026-07-23T23:59:13.995Z level=WARN msg="spawned monster type not found in registry; falling back to default Rat attributes" name="Dworc Shadowstalker"
canary-go-server  | time=2026-07-23T23:59:13.995Z level=WARN msg="spawned monster type not found in registry; falling back to default Rat attributes" name=Varg
canary-go-server  | time=2026-07-23T23:59:13.995Z level=WARN msg="spawned monster type not found in registry; falling back to default Rat attributes" name="Orclops Bloodbreaker"
canary-go-server  | time=2026-07-23T23:59:13.995Z level=WARN msg="spawned monster type not found in registry; falling back to default Rat attributes" name="Gloom Maw"
canary-go-server  | time=2026-07-23T23:59:13.995Z level=WARN msg="spawned monster type not found in registry; falling back to default Rat attributes" name="Gloom Maw"
canary-go-server  | time=2026-07-23T23:59:13.995Z level=WARN msg="spawned monster type not found in registry; falling back to default Rat attributes" name="Norcferatu Heartless"
canary-go-server  | time=2026-07-23T23:59:13.995Z level=WARN msg="spawned monster type not found in registry; falling back to default Rat attributes" name="Dworc Shadowstalker"
canary-go-server  | time=2026-07-23T23:59:13.995Z level=WARN msg="spawned monster type not found in registry; falling back to default Rat attributes" name=Varg
canary-go-server  | time=2026-07-23T23:59:13.995Z level=WARN msg="spawned monster type not found in registry; falling back to default Rat attributes" name="Orclops Bloodbreaker"
canary-go-server  | time=2026-07-23T23:59:13.995Z level=WARN msg="spawned monster type not found in registry; falling back to default Rat attributes" name="Gloom Maw"
canary-go-server  | time=2026-07-23T23:59:13.995Z level=WARN msg="spawned monster type not found in registry; falling back to default Rat attributes" name="Dworc Shadowstalker"
canary-go-server  | time=2026-07-23T23:59:13.995Z level=WARN msg="spawned monster type not found in registry; falling back to default Rat attributes" name="Gloom Maw"
canary-go-server  | time=2026-07-23T23:59:13.995Z level=WARN msg="spawned monster type not found in registry; falling back to default Rat attributes" name="Dworc Shadowstalker"
canary-go-server  | time=2026-07-23T23:59:13.995Z level=WARN msg="spawned monster type not found in registry; falling back to default Rat attributes" name="Orclops Bloodbreaker"
canary-go-server  | time=2026-07-23T23:59:13.995Z level=WARN msg="spawned monster type not found in registry; falling back to default Rat attributes" name="Dworc Shadowstalker"
canary-go-server  | time=2026-07-23T23:59:13.995Z level=WARN msg="spawned monster type not found in registry; falling back to default Rat attributes" name="Gloom Maw"
canary-go-server  | time=2026-07-23T23:59:13.995Z level=WARN msg="spawned monster type not found in registry; falling back to default Rat attributes" name="Gloom Maw"
canary-go-server  | time=2026-07-23T23:59:13.995Z level=WARN msg="spawned monster type not found in registry; falling back to default Rat attributes" name="Orclops Bloodbreaker"
canary-go-server  | time=2026-07-23T23:59:13.995Z level=WARN msg="spawned monster type not found in registry; falling back to default Rat attributes" name="Dworc Shadowstalker"
canary-go-server  | time=2026-07-23T23:59:13.995Z level=WARN msg="spawned monster type not found in registry; falling back to default Rat attributes" name="Gloom Maw"
canary-go-server  | time=2026-07-23T23:59:13.995Z level=WARN msg="spawned monster type not found in registry; falling back to default Rat attributes" name="Orclops Bloodbreaker"
canary-go-server  | time=2026-07-23T23:59:13.995Z level=WARN msg="spawned monster type not found in registry; falling back to default Rat attributes" name="Norcferatu Nightweaver"
canary-go-server  | time=2026-07-23T23:59:13.995Z level=WARN msg="spawned monster type not found in registry; falling back to default Rat attributes" name="Norcferatu Nightweaver"
canary-go-server  | time=2026-07-23T23:59:13.995Z level=WARN msg="spawned monster type not found in registry; falling back to default Rat attributes" name="Orclops Bloodbreaker"
canary-go-server  | time=2026-07-23T23:59:13.995Z level=WARN msg="spawned monster type not found in registry; falling back to default Rat attributes" name="Dworc Shadowstalker"
canary-go-server  | time=2026-07-23T23:59:13.995Z level=WARN msg="spawned monster type not found in registry; falling back to default Rat attributes" name="Gloom Maw"
canary-go-server  | time=2026-07-23T23:59:13.995Z level=WARN msg="spawned monster type not found in registry; falling back to default Rat attributes" name="Norcferatu Heartless"
canary-go-server  | time=2026-07-23T23:59:13.995Z level=WARN msg="spawned monster type not found in registry; falling back to default Rat attributes" name="Gloom Maw"
canary-go-server  | time=2026-07-23T23:59:13.995Z level=WARN msg="spawned monster type not found in registry; falling back to default Rat attributes" name=Varg
canary-go-server  | time=2026-07-23T23:59:13.995Z level=WARN msg="spawned monster type not found in registry; falling back to default Rat attributes" name="Norcferatu Heartless"
canary-go-server  | time=2026-07-23T23:59:13.995Z level=WARN msg="spawned monster type not found in registry; falling back to default Rat attributes" name="Gloom Maw"
canary-go-server  | time=2026-07-23T23:59:13.995Z level=WARN msg="spawned monster type not found in registry; falling back to default Rat attributes" name="Gloom Maw"
canary-go-server  | time=2026-07-23T23:59:13.995Z level=WARN msg="spawned monster type not found in registry; falling back to default Rat attributes" name="Norcferatu Nightweaver"
canary-go-server  | time=2026-07-23T23:59:13.995Z level=WARN msg="spawned monster type not found in registry; falling back to default Rat attributes" name="Norcferatu Heartless"
canary-go-server  | time=2026-07-23T23:59:13.995Z level=WARN msg="spawned monster type not found in registry; falling back to default Rat attributes" name="Norcferatu Nightweaver"
canary-go-server  | time=2026-07-23T23:59:13.995Z level=WARN msg="spawned monster type not found in registry; falling back to default Rat attributes" name="Orclops Bloodbreaker"
canary-go-server  | time=2026-07-23T23:59:13.995Z level=WARN msg="spawned monster type not found in registry; falling back to default Rat attributes" name="Dworc Shadowstalker"
canary-go-server  | time=2026-07-23T23:59:13.995Z level=WARN msg="spawned monster type not found in registry; falling back to default Rat attributes" name="Norcferatu Nightweaver"
canary-go-server  | time=2026-07-23T23:59:13.995Z level=WARN msg="spawned monster type not found in registry; falling back to default Rat attributes" name="Dworc Shadowstalker"
canary-go-server  | time=2026-07-23T23:59:13.995Z level=WARN msg="spawned monster type not found in registry; falling back to default Rat attributes" name="Norcferatu Heartless"
canary-go-server  | time=2026-07-23T23:59:13.995Z level=WARN msg="spawned monster type not found in registry; falling back to default Rat attributes" name="Norcferatu Heartless"
canary-go-server  | time=2026-07-23T23:59:13.995Z level=WARN msg="spawned monster type not found in registry; falling back to default Rat attributes" name="Orclops Bloodbreaker"
canary-go-server  | time=2026-07-23T23:59:13.995Z level=WARN msg="spawned monster type not found in registry; falling back to default Rat attributes" name="Norcferatu Heartless"
canary-go-server  | time=2026-07-23T23:59:13.995Z level=WARN msg="spawned monster type not found in registry; falling back to default Rat attributes" name="Norcferatu Nightweaver"
canary-go-server  | time=2026-07-23T23:59:13.995Z level=WARN msg="spawned monster type not found in registry; falling back to default Rat attributes" name="Gloom Maw"
canary-go-server  | time=2026-07-23T23:59:13.995Z level=WARN msg="spawned monster type not found in registry; falling back to default Rat attributes" name="Norcferatu Nightweaver"
canary-go-server  | time=2026-07-23T23:59:13.995Z level=WARN msg="spawned monster type not found in registry; falling back to default Rat attributes" name="Norcferatu Nightweaver"
canary-go-server  | time=2026-07-23T23:59:13.995Z level=WARN msg="spawned monster type not found in registry; falling back to default Rat attributes" name="Orclops Bloodbreaker"
canary-go-server  | time=2026-07-23T23:59:13.995Z level=WARN msg="spawned monster type not found in registry; falling back to default Rat attributes" name="Norcferatu Nightweaver"
canary-go-server  | time=2026-07-23T23:59:13.995Z level=WARN msg="spawned monster type not found in registry; falling back to default Rat attributes" name="Norcferatu Nightweaver"
canary-go-server  | time=2026-07-23T23:59:13.996Z level=WARN msg="spawned monster type not found in registry; falling back to default Rat attributes" name="Dworc Shadowstalker"
canary-go-server  | time=2026-07-23T23:59:13.996Z level=WARN msg="spawned monster type not found in registry; falling back to default Rat attributes" name="Norcferatu Heartless"
canary-go-server  | time=2026-07-23T23:59:13.996Z level=WARN msg="spawned monster type not found in registry; falling back to default Rat attributes" name="Gloom Maw"
canary-go-server  | time=2026-07-23T23:59:13.996Z level=WARN msg="spawned monster type not found in registry; falling back to default Rat attributes" name="Norcferatu Heartless"
canary-go-server  | time=2026-07-23T23:59:13.996Z level=WARN msg="spawned monster type not found in registry; falling back to default Rat attributes" name=Varg
canary-go-server  | time=2026-07-23T23:59:13.996Z level=WARN msg="spawned monster type not found in registry; falling back to default Rat attributes" name=Varg
canary-go-server  | time=2026-07-23T23:59:13.996Z level=WARN msg="spawned monster type not found in registry; falling back to default Rat attributes" name="Dworc Shadowstalker"
canary-go-server  | time=2026-07-23T23:59:13.996Z level=WARN msg="spawned monster type not found in registry; falling back to default Rat attributes" name="Norcferatu Nightweaver"
canary-go-server  | time=2026-07-23T23:59:13.996Z level=WARN msg="spawned monster type not found in registry; falling back to default Rat attributes" name="Orclops Bloodbreaker"
canary-go-server  | time=2026-07-23T23:59:13.996Z level=WARN msg="spawned monster type not found in registry; falling back to default Rat attributes" name="Norcferatu Heartless"
canary-go-server  | time=2026-07-23T23:59:13.996Z level=WARN msg="spawned monster type not found in registry; falling back to default Rat attributes" name="Orclops Bloodbreaker"
canary-go-server  | time=2026-07-23T23:59:13.996Z level=WARN msg="spawned monster type not found in registry; falling back to default Rat attributes" name="Gloom Maw"
canary-go-server  | time=2026-07-23T23:59:13.996Z level=WARN msg="spawned monster type not found in registry; falling back to default Rat attributes" name="Norcferatu Nightweaver"
canary-go-server  | time=2026-07-23T23:59:13.996Z level=WARN msg="spawned monster type not found in registry; falling back to default Rat attributes" name=Varg
canary-go-server  | time=2026-07-23T23:59:13.996Z level=WARN msg="spawned monster type not found in registry; falling back to default Rat attributes" name=Varg
canary-go-server  | time=2026-07-23T23:59:13.996Z level=WARN msg="spawned monster type not found in registry; falling back to default Rat attributes" name="Orclops Bloodbreaker"
canary-go-server  | time=2026-07-23T23:59:13.996Z level=WARN msg="spawned monster type not found in registry; falling back to default Rat attributes" name="Norcferatu Heartless"
canary-go-server  | time=2026-07-23T23:59:13.996Z level=WARN msg="spawned monster type not found in registry; falling back to default Rat attributes" name="Gloom Maw"
canary-go-server  | time=2026-07-23T23:59:13.996Z level=WARN msg="spawned monster type not found in registry; falling back to default Rat attributes" name="Orclops Bloodbreaker"
canary-go-server  | time=2026-07-23T23:59:13.996Z level=WARN msg="spawned monster type not found in registry; falling back to default Rat attributes" name=Varg
canary-go-server  | time=2026-07-23T23:59:13.996Z level=WARN msg="spawned monster type not found in registry; falling back to default Rat attributes" name="Norcferatu Nightweaver"
canary-go-server  | time=2026-07-23T23:59:13.996Z level=WARN msg="spawned monster type not found in registry; falling back to default Rat attributes" name="Norcferatu Nightweaver"
canary-go-server  | time=2026-07-23T23:59:13.996Z level=WARN msg="spawned monster type not found in registry; falling back to default Rat attributes" name="Norcferatu Nightweaver"
canary-go-server  | time=2026-07-23T23:59:13.996Z level=WARN msg="spawned monster type not found in registry; falling back to default Rat attributes" name="Orclops Bloodbreaker"
canary-go-server  | time=2026-07-23T23:59:13.996Z level=WARN msg="spawned monster type not found in registry; falling back to default Rat attributes" name="Norcferatu Heartless"
canary-go-server  | time=2026-07-23T23:59:13.996Z level=WARN msg="spawned monster type not found in registry; falling back to default Rat attributes" name=Varg
canary-go-server  | time=2026-07-23T23:59:13.996Z level=WARN msg="spawned monster type not found in registry; falling back to default Rat attributes" name="Orclops Bloodbreaker"
canary-go-server  | time=2026-07-23T23:59:13.996Z level=WARN msg="spawned monster type not found in registry; falling back to default Rat attributes" name="Norcferatu Nightweaver"
canary-go-server  | time=2026-07-23T23:59:13.997Z level=WARN msg="spawned monster type not found in registry; falling back to default Rat attributes" name="Norcferatu Heartless"
canary-go-server  | time=2026-07-23T23:59:13.997Z level=WARN msg="spawned monster type not found in registry; falling back to default Rat attributes" name="Orclops Bloodbreaker"
canary-go-server  | time=2026-07-23T23:59:13.997Z level=WARN msg="spawned monster type not found in registry; falling back to default Rat attributes" name="Norcferatu Heartless"
canary-go-server  | time=2026-07-23T23:59:13.997Z level=WARN msg="spawned monster type not found in registry; falling back to default Rat attributes" name=Varg
canary-go-server  | time=2026-07-23T23:59:13.997Z level=WARN msg="spawned monster type not found in registry; falling back to default Rat attributes" name=Varg
canary-go-server  | time=2026-07-23T23:59:13.997Z level=WARN msg="spawned monster type not found in registry; falling back to default Rat attributes" name=Varg
canary-go-server  | time=2026-07-23T23:59:13.997Z level=WARN msg="spawned monster type not found in registry; falling back to default Rat attributes" name="Norcferatu Heartless"
canary-go-server  | time=2026-07-23T23:59:13.997Z level=WARN msg="spawned monster type not found in registry; falling back to default Rat attributes" name="Norcferatu Heartless"
canary-go-server  | time=2026-07-23T23:59:13.997Z level=WARN msg="spawned monster type not found in registry; falling back to default Rat attributes" name="Dworc Shadowstalker"
canary-go-server  | time=2026-07-23T23:59:13.997Z level=WARN msg="spawned monster type not found in registry; falling back to default Rat attributes" name="Gloom Maw"
canary-go-server  | time=2026-07-23T23:59:14.001Z level=WARN msg="spawned monster type not found in registry; falling back to default Rat attributes" name="Ink Splash"
canary-go-server  | time=2026-07-23T23:59:14.001Z level=WARN msg="spawned monster type not found in registry; falling back to default Rat attributes" name="Ink Splash"
canary-go-server  | time=2026-07-23T23:59:14.015Z level=WARN msg="spawned monster type not found in registry; falling back to default Rat attributes" name="Orclops Bloodbreaker"
canary-go-server  | time=2026-07-23T23:59:14.015Z level=WARN msg="spawned monster type not found in registry; falling back to default Rat attributes" name="Norcferatu Heartless"
canary-go-server  | time=2026-07-23T23:59:14.015Z level=WARN msg="spawned monster type not found in registry; falling back to default Rat attributes" name="Norcferatu Heartless"
canary-go-server  | time=2026-07-23T23:59:14.015Z level=WARN msg="spawned monster type not found in registry; falling back to default Rat attributes" name="Norcferatu Heartless"
canary-go-server  | time=2026-07-23T23:59:14.015Z level=WARN msg="spawned monster type not found in registry; falling back to default Rat attributes" name="Norcferatu Nightweaver"
canary-go-server  | time=2026-07-23T23:59:14.015Z level=WARN msg="spawned monster type not found in registry; falling back to default Rat attributes" name="Gloom Maw"
canary-go-server  | time=2026-07-23T23:59:14.015Z level=WARN msg="spawned monster type not found in registry; falling back to default Rat attributes" name=Varg
canary-go-server  | time=2026-07-23T23:59:14.015Z level=WARN msg="spawned monster type not found in registry; falling back to default Rat attributes" name=Varg
canary-go-server  | time=2026-07-23T23:59:14.015Z level=WARN msg="spawned monster type not found in registry; falling back to default Rat attributes" name="Norcferatu Nightweaver"
canary-go-server  | time=2026-07-23T23:59:14.015Z level=WARN msg="spawned monster type not found in registry; falling back to default Rat attributes" name="Norcferatu Nightweaver"
canary-go-server  | time=2026-07-23T23:59:14.015Z level=WARN msg="spawned monster type not found in registry; falling back to default Rat attributes" name="Gloom Maw"
canary-go-server  | time=2026-07-23T23:59:14.015Z level=WARN msg="spawned monster type not found in registry; falling back to default Rat attributes" name="Gloom Maw"
canary-go-server  | time=2026-07-23T23:59:14.015Z level=WARN msg="spawned monster type not found in registry; falling back to default Rat attributes" name=Varg
canary-go-server  | time=2026-07-23T23:59:14.015Z level=WARN msg="spawned monster type not found in registry; falling back to default Rat attributes" name=Varg
canary-go-server  | time=2026-07-23T23:59:14.015Z level=WARN msg="spawned monster type not found in registry; falling back to default Rat attributes" name="Gloom Maw"
canary-go-server  | time=2026-07-23T23:59:14.015Z level=WARN msg="spawned monster type not found in registry; falling back to default Rat attributes" name="Orclops Bloodbreaker"
canary-go-server  | time=2026-07-23T23:59:14.015Z level=WARN msg="spawned monster type not found in registry; falling back to default Rat attributes" name=Varg
canary-go-server  | time=2026-07-23T23:59:14.015Z level=WARN msg="spawned monster type not found in registry; falling back to default Rat attributes" name="Orclops Bloodbreaker"
canary-go-server  | time=2026-07-23T23:59:14.015Z level=WARN msg="spawned monster type not found in registry; falling back to default Rat attributes" name=Varg
canary-go-server  | time=2026-07-23T23:59:14.015Z level=WARN msg="spawned monster type not found in registry; falling back to default Rat attributes" name="Norcferatu Nightweaver"
canary-go-server  | time=2026-07-23T23:59:14.015Z level=WARN msg="spawned monster type not found in registry; falling back to default Rat attributes" name="Norcferatu Heartless"
canary-go-server  | time=2026-07-23T23:59:14.015Z level=WARN msg="spawned monster type not found in registry; falling back to default Rat attributes" name=Varg
canary-go-server  | time=2026-07-23T23:59:14.015Z level=WARN msg="spawned monster type not found in registry; falling back to default Rat attributes" name="Norcferatu Heartless"
canary-go-server  | time=2026-07-23T23:59:14.015Z level=WARN msg="spawned monster type not found in registry; falling back to default Rat attributes" name="Norcferatu Nightweaver"
canary-go-server  | time=2026-07-23T23:59:14.015Z level=WARN msg="spawned monster type not found in registry; falling back to default Rat attributes" name="Norcferatu Nightweaver"
canary-go-server  | time=2026-07-23T23:59:14.015Z level=WARN msg="spawned monster type not found in registry; falling back to default Rat attributes" name="Dworc Shadowstalker"
canary-go-server  | time=2026-07-23T23:59:14.015Z level=WARN msg="spawned monster type not found in registry; falling back to default Rat attributes" name="Norcferatu Nightweaver"
canary-go-server  | time=2026-07-23T23:59:14.015Z level=WARN msg="spawned monster type not found in registry; falling back to default Rat attributes" name="Norcferatu Heartless"
canary-go-server  | time=2026-07-23T23:59:14.015Z level=WARN msg="spawned monster type not found in registry; falling back to default Rat attributes" name="Dworc Shadowstalker"
canary-go-server  | time=2026-07-23T23:59:14.015Z level=WARN msg="spawned monster type not found in registry; falling back to default Rat attributes" name="Norcferatu Heartless"
canary-go-server  | time=2026-07-23T23:59:14.015Z level=WARN msg="spawned monster type not found in registry; falling back to default Rat attributes" name="Dworc Shadowstalker"
canary-go-server  | time=2026-07-23T23:59:14.015Z level=WARN msg="spawned monster type not found in registry; falling back to default Rat attributes" name="Norcferatu Heartless"
canary-go-server  | time=2026-07-23T23:59:14.015Z level=WARN msg="spawned monster type not found in registry; falling back to default Rat attributes" name="Norcferatu Heartless"
canary-go-server  | time=2026-07-23T23:59:14.015Z level=WARN msg="spawned monster type not found in registry; falling back to default Rat attributes" name=Varg
canary-go-server  | time=2026-07-23T23:59:14.015Z level=WARN msg="spawned monster type not found in registry; falling back to default Rat attributes" name="Norcferatu Heartless"
canary-go-server  | time=2026-07-23T23:59:14.015Z level=WARN msg="spawned monster type not found in registry; falling back to default Rat attributes" name="Dworc Shadowstalker"
canary-go-server  | time=2026-07-23T23:59:14.015Z level=WARN msg="spawned monster type not found in registry; falling back to default Rat attributes" name="Gloom Maw"
canary-go-server  | time=2026-07-23T23:59:14.015Z level=WARN msg="spawned monster type not found in registry; falling back to default Rat attributes" name="Orclops Bloodbreaker"
canary-go-server  | time=2026-07-23T23:59:14.015Z level=WARN msg="spawned monster type not found in registry; falling back to default Rat attributes" name=Varg
canary-go-server  | time=2026-07-23T23:59:14.015Z level=WARN msg="spawned monster type not found in registry; falling back to default Rat attributes" name=Varg
canary-go-server  | time=2026-07-23T23:59:14.015Z level=WARN msg="spawned monster type not found in registry; falling back to default Rat attributes" name=Varg
canary-go-server  | time=2026-07-23T23:59:14.015Z level=WARN msg="spawned monster type not found in registry; falling back to default Rat attributes" name="Orclops Bloodbreaker"
canary-go-server  | time=2026-07-23T23:59:14.015Z level=WARN msg="spawned monster type not found in registry; falling back to default Rat attributes" name="Orclops Bloodbreaker"
canary-go-server  | time=2026-07-23T23:59:14.015Z level=WARN msg="spawned monster type not found in registry; falling back to default Rat attributes" name=Varg
canary-go-server  | time=2026-07-23T23:59:14.015Z level=WARN msg="spawned monster type not found in registry; falling back to default Rat attributes" name="Orclops Bloodbreaker"
canary-go-server  | time=2026-07-23T23:59:14.015Z level=WARN msg="spawned monster type not found in registry; falling back to default Rat attributes" name="Orclops Bloodbreaker"
canary-go-server  | time=2026-07-23T23:59:14.015Z level=WARN msg="spawned monster type not found in registry; falling back to default Rat attributes" name="Orclops Bloodbreaker"
canary-go-server  | time=2026-07-23T23:59:14.015Z level=WARN msg="spawned monster type not found in registry; falling back to default Rat attributes" name="Orclops Bloodbreaker"
canary-go-server  | time=2026-07-23T23:59:14.015Z level=WARN msg="spawned monster type not found in registry; falling back to default Rat attributes" name="Orclops Bloodbreaker"
canary-go-server  | time=2026-07-23T23:59:14.015Z level=WARN msg="spawned monster type not found in registry; falling back to default Rat attributes" name="Norcferatu Nightweaver"
canary-go-server  | time=2026-07-23T23:59:14.015Z level=WARN msg="spawned monster type not found in registry; falling back to default Rat attributes" name="Dworc Shadowstalker"
canary-go-server  | time=2026-07-23T23:59:14.015Z level=WARN msg="spawned monster type not found in registry; falling back to default Rat attributes" name="Norcferatu Nightweaver"
canary-go-server  | time=2026-07-23T23:59:14.015Z level=WARN msg="spawned monster type not found in registry; falling back to default Rat attributes" name="Dworc Shadowstalker"
canary-go-server  | time=2026-07-23T23:59:14.015Z level=WARN msg="spawned monster type not found in registry; falling back to default Rat attributes" name="Orclops Bloodbreaker"
canary-go-server  | time=2026-07-23T23:59:14.015Z level=WARN msg="spawned monster type not found in registry; falling back to default Rat attributes" name="Dworc Shadowstalker"
canary-go-server  | time=2026-07-23T23:59:14.015Z level=WARN msg="spawned monster type not found in registry; falling back to default Rat attributes" name="Norcferatu Heartless"
canary-go-server  | time=2026-07-23T23:59:14.015Z level=WARN msg="spawned monster type not found in registry; falling back to default Rat attributes" name=Varg
canary-go-server  | time=2026-07-23T23:59:14.015Z level=WARN msg="spawned monster type not found in registry; falling back to default Rat attributes" name=Varg
canary-go-server  | time=2026-07-23T23:59:14.015Z level=WARN msg="spawned monster type not found in registry; falling back to default Rat attributes" name="Orclops Bloodbreaker"
canary-go-server  | time=2026-07-23T23:59:14.015Z level=WARN msg="spawned monster type not found in registry; falling back to default Rat attributes" name="Orclops Bloodbreaker"
canary-go-server  | time=2026-07-23T23:59:14.015Z level=WARN msg="spawned monster type not found in registry; falling back to default Rat attributes" name="Gloom Maw"
canary-go-server  | time=2026-07-23T23:59:14.015Z level=WARN msg="spawned monster type not found in registry; falling back to default Rat attributes" name=Varg
canary-go-server  | time=2026-07-23T23:59:14.015Z level=WARN msg="spawned monster type not found in registry; falling back to default Rat attributes" name="Norcferatu Nightweaver"
canary-go-server  | time=2026-07-23T23:59:14.015Z level=WARN msg="spawned monster type not found in registry; falling back to default Rat attributes" name="Norcferatu Heartless"
canary-go-server  | time=2026-07-23T23:59:14.015Z level=WARN msg="spawned monster type not found in registry; falling back to default Rat attributes" name="Norcferatu Nightweaver"
canary-go-server  | time=2026-07-23T23:59:14.015Z level=WARN msg="spawned monster type not found in registry; falling back to default Rat attributes" name=Varg
canary-go-server  | time=2026-07-23T23:59:14.015Z level=WARN msg="spawned monster type not found in registry; falling back to default Rat attributes" name="Gloom Maw"
canary-go-server  | time=2026-07-23T23:59:14.015Z level=WARN msg="spawned monster type not found in registry; falling back to default Rat attributes" name="Orclops Bloodbreaker"
canary-go-server  | time=2026-07-23T23:59:14.015Z level=WARN msg="spawned monster type not found in registry; falling back to default Rat attributes" name="Dworc Shadowstalker"
canary-go-server  | time=2026-07-23T23:59:14.016Z level=WARN msg="spawned monster type not found in registry; falling back to default Rat attributes" name="Gloom Maw"
canary-go-server  | time=2026-07-23T23:59:14.016Z level=WARN msg="spawned monster type not found in registry; falling back to default Rat attributes" name="Gloom Maw"
canary-go-server  | time=2026-07-23T23:59:14.016Z level=WARN msg="spawned monster type not found in registry; falling back to default Rat attributes" name="Dworc Shadowstalker"
canary-go-server  | time=2026-07-23T23:59:14.016Z level=WARN msg="spawned monster type not found in registry; falling back to default Rat attributes" name="Gloom Maw"
canary-go-server  | time=2026-07-23T23:59:14.016Z level=WARN msg="spawned monster type not found in registry; falling back to default Rat attributes" name=Varg
canary-go-server  | time=2026-07-23T23:59:14.016Z level=WARN msg="spawned monster type not found in registry; falling back to default Rat attributes" name="Gloom Maw"
canary-go-server  | time=2026-07-23T23:59:14.016Z level=WARN msg="spawned monster type not found in registry; falling back to default Rat attributes" name="Orclops Bloodbreaker"
canary-go-server  | time=2026-07-23T23:59:14.016Z level=WARN msg="spawned monster type not found in registry; falling back to default Rat attributes" name="Norcferatu Heartless"
canary-go-server  | time=2026-07-23T23:59:14.016Z level=WARN msg="spawned monster type not found in registry; falling back to default Rat attributes" name=Varg
canary-go-server  | time=2026-07-23T23:59:14.016Z level=WARN msg="spawned monster type not found in registry; falling back to default Rat attributes" name="Gloom Maw"
canary-go-server  | time=2026-07-23T23:59:14.016Z level=WARN msg="spawned monster type not found in registry; falling back to default Rat attributes" name="Norcferatu Heartless"
canary-go-server  | time=2026-07-23T23:59:14.016Z level=WARN msg="spawned monster type not found in registry; falling back to default Rat attributes" name="Norcferatu Heartless"
canary-go-server  | time=2026-07-23T23:59:14.016Z level=WARN msg="spawned monster type not found in registry; falling back to default Rat attributes" name="Gloom Maw"
canary-go-server  | time=2026-07-23T23:59:14.016Z level=WARN msg="spawned monster type not found in registry; falling back to default Rat attributes" name=Varg
canary-go-server  | time=2026-07-23T23:59:14.016Z level=WARN msg="spawned monster type not found in registry; falling back to default Rat attributes" name="Dworc Shadowstalker"
canary-go-server  | time=2026-07-23T23:59:14.016Z level=WARN msg="spawned monster type not found in registry; falling back to default Rat attributes" name="Orclops Bloodbreaker"
canary-go-server  | time=2026-07-23T23:59:14.016Z level=WARN msg="spawned monster type not found in registry; falling back to default Rat attributes" name=Varg
canary-go-server  | time=2026-07-23T23:59:14.016Z level=WARN msg="spawned monster type not found in registry; falling back to default Rat attributes" name="Dworc Shadowstalker"
canary-go-server  | time=2026-07-23T23:59:14.016Z level=WARN msg="spawned monster type not found in registry; falling back to default Rat attributes" name="Orclops Bloodbreaker"
canary-go-server  | time=2026-07-23T23:59:14.016Z level=WARN msg="spawned monster type not found in registry; falling back to default Rat attributes" name="Norcferatu Heartless"
canary-go-server  | time=2026-07-23T23:59:14.016Z level=WARN msg="spawned monster type not found in registry; falling back to default Rat attributes" name="Orclops Bloodbreaker"
canary-go-server  | time=2026-07-23T23:59:14.016Z level=WARN msg="spawned monster type not found in registry; falling back to default Rat attributes" name="Gloom Maw"
canary-go-server  | time=2026-07-23T23:59:14.016Z level=WARN msg="spawned monster type not found in registry; falling back to default Rat attributes" name="Norcferatu Heartless"
canary-go-server  | time=2026-07-23T23:59:14.016Z level=WARN msg="spawned monster type not found in registry; falling back to default Rat attributes" name="Dworc Shadowstalker"
canary-go-server  | time=2026-07-23T23:59:14.016Z level=WARN msg="spawned monster type not found in registry; falling back to default Rat attributes" name="Gloom Maw"
canary-go-server  | time=2026-07-23T23:59:14.016Z level=WARN msg="spawned monster type not found in registry; falling back to default Rat attributes" name="Norcferatu Nightweaver"
canary-go-server  | time=2026-07-23T23:59:14.016Z level=WARN msg="spawned monster type not found in registry; falling back to default Rat attributes" name="Norcferatu Heartless"
canary-go-server  | time=2026-07-23T23:59:14.016Z level=WARN msg="spawned monster type not found in registry; falling back to default Rat attributes" name="Gloom Maw"
canary-go-server  | time=2026-07-23T23:59:14.016Z level=WARN msg="spawned monster type not found in registry; falling back to default Rat attributes" name="Norcferatu Heartless"
canary-go-server  | time=2026-07-23T23:59:14.016Z level=WARN msg="spawned monster type not found in registry; falling back to default Rat attributes" name="Gloom Maw"
canary-go-server  | time=2026-07-23T23:59:14.016Z level=WARN msg="spawned monster type not found in registry; falling back to default Rat attributes" name="Orclops Bloodbreaker"
canary-go-server  | time=2026-07-23T23:59:14.016Z level=WARN msg="spawned monster type not found in registry; falling back to default Rat attributes" name="Norcferatu Nightweaver"
canary-go-server  | time=2026-07-23T23:59:14.016Z level=WARN msg="spawned monster type not found in registry; falling back to default Rat attributes" name="Dworc Shadowstalker"
canary-go-server  | time=2026-07-23T23:59:14.016Z level=WARN msg="spawned monster type not found in registry; falling back to default Rat attributes" name="Norcferatu Heartless"
canary-go-server  | time=2026-07-23T23:59:14.016Z level=WARN msg="spawned monster type not found in registry; falling back to default Rat attributes" name="Norcferatu Nightweaver"
canary-go-server  | time=2026-07-23T23:59:14.016Z level=WARN msg="spawned monster type not found in registry; falling back to default Rat attributes" name="Norcferatu Nightweaver"
canary-go-server  | time=2026-07-23T23:59:14.016Z level=WARN msg="spawned monster type not found in registry; falling back to default Rat attributes" name="Norcferatu Nightweaver"
canary-go-server  | time=2026-07-23T23:59:14.016Z level=WARN msg="spawned monster type not found in registry; falling back to default Rat attributes" name="Norcferatu Heartless"
canary-go-server  | time=2026-07-23T23:59:14.019Z level=WARN msg="spawned monster type not found in registry; falling back to default Rat attributes" name="Ink Splash"
canary-go-server  | time=2026-07-23T23:59:14.019Z level=WARN msg="spawned monster type not found in registry; falling back to default Rat attributes" name="Ink Splash"
canary-go-server  | time=2026-07-23T23:59:14.019Z level=WARN msg="spawned monster type not found in registry; falling back to default Rat attributes" name="Vicious Ink Splash"
canary-go-server  | time=2026-07-23T23:59:14.019Z level=WARN msg="spawned monster type not found in registry; falling back to default Rat attributes" name="Vicious Ink Splash"
canary-go-server  | time=2026-07-23T23:59:14.019Z level=WARN msg="spawned monster type not found in registry; falling back to default Rat attributes" name="Vicious Ink Splash"
canary-go-server  | time=2026-07-23T23:59:14.019Z level=WARN msg="spawned monster type not found in registry; falling back to default Rat attributes" name="Vicious Ink Splash"
canary-go-server  | time=2026-07-23T23:59:14.019Z level=WARN msg="spawned monster type not found in registry; falling back to default Rat attributes" name=Inkwing
canary-go-server  | time=2026-07-23T23:59:14.019Z level=WARN msg="spawned monster type not found in registry; falling back to default Rat attributes" name="Vicious Ink Splash"
canary-go-server  | time=2026-07-23T23:59:14.025Z level=WARN msg="spawned monster type not found in registry; falling back to default Rat attributes" name="Bramble Wyrmling"
canary-go-server  | time=2026-07-23T23:59:14.025Z level=WARN msg="spawned monster type not found in registry; falling back to default Rat attributes" name="Bramble Wyrmling"
canary-go-server  | time=2026-07-23T23:59:14.025Z level=WARN msg="spawned monster type not found in registry; falling back to default Rat attributes" name="Bramble Wyrmling"
canary-go-server  | time=2026-07-23T23:59:14.025Z level=WARN msg="spawned monster type not found in registry; falling back to default Rat attributes" name="Hawk Hopper"
canary-go-server  | time=2026-07-23T23:59:14.025Z level=WARN msg="spawned monster type not found in registry; falling back to default Rat attributes" name="Bramble Wyrmling"
canary-go-server  | time=2026-07-23T23:59:14.025Z level=WARN msg="spawned monster type not found in registry; falling back to default Rat attributes" name="Bramble Wyrmling"
canary-go-server  | time=2026-07-23T23:59:14.025Z level=WARN msg="spawned monster type not found in registry; falling back to default Rat attributes" name="Bramble Wyrmling"
canary-go-server  | time=2026-07-23T23:59:14.025Z level=WARN msg="spawned monster type not found in registry; falling back to default Rat attributes" name="Hawk Hopper"
canary-go-server  | time=2026-07-23T23:59:14.025Z level=WARN msg="spawned monster type not found in registry; falling back to default Rat attributes" name="Bramble Wyrmling"
canary-go-server  | time=2026-07-23T23:59:14.025Z level=WARN msg="spawned monster type not found in registry; falling back to default Rat attributes" name="Hawk Hopper"
canary-go-server  | time=2026-07-23T23:59:14.025Z level=WARN msg="spawned monster type not found in registry; falling back to default Rat attributes" name="Bramble Wyrmling"
canary-go-server  | time=2026-07-23T23:59:14.025Z level=WARN msg="spawned monster type not found in registry; falling back to default Rat attributes" name="Bramble Wyrmling"
canary-go-server  | time=2026-07-23T23:59:14.025Z level=WARN msg="spawned monster type not found in registry; falling back to default Rat attributes" name="Bramble Wyrmling"
canary-go-server  | time=2026-07-23T23:59:14.025Z level=WARN msg="spawned monster type not found in registry; falling back to default Rat attributes" name="Bramble Wyrmling"
canary-go-server  | time=2026-07-23T23:59:14.025Z level=WARN msg="spawned monster type not found in registry; falling back to default Rat attributes" name="Bramble Wyrmling"
canary-go-server  | time=2026-07-23T23:59:14.025Z level=WARN msg="spawned monster type not found in registry; falling back to default Rat attributes" name="Bramble Wyrmling"
canary-go-server  | time=2026-07-23T23:59:14.025Z level=WARN msg="spawned monster type not found in registry; falling back to default Rat attributes" name="Hawk Hopper"
canary-go-server  | time=2026-07-23T23:59:14.025Z level=WARN msg="spawned monster type not found in registry; falling back to default Rat attributes" name="Hawk Hopper"
canary-go-server  | time=2026-07-23T23:59:14.025Z level=WARN msg="spawned monster type not found in registry; falling back to default Rat attributes" name="Bramble Wyrmling"
canary-go-server  | time=2026-07-23T23:59:14.025Z level=WARN msg="spawned monster type not found in registry; falling back to default Rat attributes" name="Bramble Wyrmling"
canary-go-server  | time=2026-07-23T23:59:14.025Z level=WARN msg="spawned monster type not found in registry; falling back to default Rat attributes" name="Bramble Wyrmling"
canary-go-server  | time=2026-07-23T23:59:14.025Z level=WARN msg="spawned monster type not found in registry; falling back to default Rat attributes" name="Hawk Hopper"
canary-go-server  | time=2026-07-23T23:59:14.025Z level=WARN msg="spawned monster type not found in registry; falling back to default Rat attributes" name="Hawk Hopper"
canary-go-server  | time=2026-07-23T23:59:14.025Z level=WARN msg="spawned monster type not found in registry; falling back to default Rat attributes" name="Hawk Hopper"
canary-go-server  | time=2026-07-23T23:59:14.025Z level=WARN msg="spawned monster type not found in registry; falling back to default Rat attributes" name="Hawk Hopper"
canary-go-server  | time=2026-07-23T23:59:14.025Z level=WARN msg="spawned monster type not found in registry; falling back to default Rat attributes" name="Bramble Wyrmling"
canary-go-server  | time=2026-07-23T23:59:14.025Z level=WARN msg="spawned monster type not found in registry; falling back to default Rat attributes" name="Hawk Hopper"
canary-go-server  | time=2026-07-23T23:59:14.025Z level=WARN msg="spawned monster type not found in registry; falling back to default Rat attributes" name="Hawk Hopper"
canary-go-server  | time=2026-07-23T23:59:14.025Z level=WARN msg="spawned monster type not found in registry; falling back to default Rat attributes" name="Bramble Wyrmling"
canary-go-server  | time=2026-07-23T23:59:14.025Z level=WARN msg="spawned monster type not found in registry; falling back to default Rat attributes" name="Hawk Hopper"
canary-go-server  | time=2026-07-23T23:59:14.025Z level=WARN msg="spawned monster type not found in registry; falling back to default Rat attributes" name="Hawk Hopper"
canary-go-server  | time=2026-07-23T23:59:14.025Z level=WARN msg="spawned monster type not found in registry; falling back to default Rat attributes" name="Bramble Wyrmling"
canary-go-server  | time=2026-07-23T23:59:14.025Z level=WARN msg="spawned monster type not found in registry; falling back to default Rat attributes" name="Hawk Hopper"
canary-go-server  | time=2026-07-23T23:59:14.025Z level=WARN msg="spawned monster type not found in registry; falling back to default Rat attributes" name="Hawk Hopper"
canary-go-server  | time=2026-07-23T23:59:14.025Z level=WARN msg="spawned monster type not found in registry; falling back to default Rat attributes" name="Bramble Wyrmling"
canary-go-server  | time=2026-07-23T23:59:14.025Z level=WARN msg="spawned monster type not found in registry; falling back to default Rat attributes" name="Bramble Wyrmling"
canary-go-server  | time=2026-07-23T23:59:14.025Z level=WARN msg="spawned monster type not found in registry; falling back to default Rat attributes" name="Bramble Wyrmling"
canary-go-server  | time=2026-07-23T23:59:14.026Z level=WARN msg="spawned monster type not found in registry; falling back to default Rat attributes" name="Bramble Wyrmling"
canary-go-server  | time=2026-07-23T23:59:14.026Z level=WARN msg="spawned monster type not found in registry; falling back to default Rat attributes" name="Bramble Wyrmling"
canary-go-server  | time=2026-07-23T23:59:14.026Z level=WARN msg="spawned monster type not found in registry; falling back to default Rat attributes" name="Bramble Wyrmling"
canary-go-server  | time=2026-07-23T23:59:14.026Z level=WARN msg="spawned monster type not found in registry; falling back to default Rat attributes" name="Bramble Wyrmling"
canary-go-server  | time=2026-07-23T23:59:14.026Z level=WARN msg="spawned monster type not found in registry; falling back to default Rat attributes" name="Hawk Hopper"
canary-go-server  | time=2026-07-23T23:59:14.026Z level=WARN msg="spawned monster type not found in registry; falling back to default Rat attributes" name="Hawk Hopper"
canary-go-server  | time=2026-07-23T23:59:14.026Z level=WARN msg="spawned monster type not found in registry; falling back to default Rat attributes" name="Bramble Wyrmling"
canary-go-server  | time=2026-07-23T23:59:14.026Z level=WARN msg="spawned monster type not found in registry; falling back to default Rat attributes" name="Bramble Wyrmling"
canary-go-server  | time=2026-07-23T23:59:14.026Z level=WARN msg="spawned monster type not found in registry; falling back to default Rat attributes" name="Hawk Hopper"
canary-go-server  | time=2026-07-23T23:59:14.026Z level=WARN msg="spawned monster type not found in registry; falling back to default Rat attributes" name="Hawk Hopper"
canary-go-server  | time=2026-07-23T23:59:14.026Z level=WARN msg="spawned monster type not found in registry; falling back to default Rat attributes" name="Bramble Wyrmling"
canary-go-server  | time=2026-07-23T23:59:14.026Z level=WARN msg="spawned monster type not found in registry; falling back to default Rat attributes" name="Hawk Hopper"
canary-go-server  | time=2026-07-23T23:59:14.026Z level=WARN msg="spawned monster type not found in registry; falling back to default Rat attributes" name="Hawk Hopper"
canary-go-server  | time=2026-07-23T23:59:14.026Z level=WARN msg="spawned monster type not found in registry; falling back to default Rat attributes" name="Hawk Hopper"
canary-go-server  | time=2026-07-23T23:59:14.026Z level=WARN msg="spawned monster type not found in registry; falling back to default Rat attributes" name="Hawk Hopper"
canary-go-server  | time=2026-07-23T23:59:14.026Z level=WARN msg="spawned monster type not found in registry; falling back to default Rat attributes" name="Hawk Hopper"
canary-go-server  | time=2026-07-23T23:59:14.026Z level=WARN msg="spawned monster type not found in registry; falling back to default Rat attributes" name="Hawk Hopper"
canary-go-server  | time=2026-07-23T23:59:14.026Z level=WARN msg="spawned monster type not found in registry; falling back to default Rat attributes" name="Hawk Hopper"
canary-go-server  | time=2026-07-23T23:59:14.026Z level=WARN msg="spawned monster type not found in registry; falling back to default Rat attributes" name="Hawk Hopper"
canary-go-server  | time=2026-07-23T23:59:14.026Z level=WARN msg="spawned monster type not found in registry; falling back to default Rat attributes" name="Hawk Hopper"
canary-go-server  | time=2026-07-23T23:59:14.026Z level=WARN msg="spawned monster type not found in registry; falling back to default Rat attributes" name="Hawk Hopper"
canary-go-server  | time=2026-07-23T23:59:14.026Z level=WARN msg="spawned monster type not found in registry; falling back to default Rat attributes" name="Bramble Wyrmling"
canary-go-server  | time=2026-07-23T23:59:14.026Z level=WARN msg="spawned monster type not found in registry; falling back to default Rat attributes" name="Bramble Wyrmling"
canary-go-server  | time=2026-07-23T23:59:14.026Z level=WARN msg="spawned monster type not found in registry; falling back to default Rat attributes" name="Hawk Hopper"
canary-go-server  | time=2026-07-23T23:59:14.026Z level=WARN msg="spawned monster type not found in registry; falling back to default Rat attributes" name="Hawk Hopper"
canary-go-server  | time=2026-07-23T23:59:14.026Z level=WARN msg="spawned monster type not found in registry; falling back to default Rat attributes" name="Bramble Wyrmling"
canary-go-server  | time=2026-07-23T23:59:14.026Z level=WARN msg="spawned monster type not found in registry; falling back to default Rat attributes" name="Hawk Hopper"
canary-go-server  | time=2026-07-23T23:59:14.026Z level=WARN msg="spawned monster type not found in registry; falling back to default Rat attributes" name="Bramble Wyrmling"
canary-go-server  | time=2026-07-23T23:59:14.026Z level=WARN msg="spawned monster type not found in registry; falling back to default Rat attributes" name="Bramble Wyrmling"
canary-go-server  | time=2026-07-23T23:59:14.026Z level=WARN msg="spawned monster type not found in registry; falling back to default Rat attributes" name="Hawk Hopper"
canary-go-server  | time=2026-07-23T23:59:14.026Z level=WARN msg="spawned monster type not found in registry; falling back to default Rat attributes" name="Bramble Wyrmling"
canary-go-server  | time=2026-07-23T23:59:14.027Z level=WARN msg="spawned monster type not found in registry; falling back to default Rat attributes" name="Hawk Hopper"
canary-go-server  | time=2026-07-23T23:59:14.027Z level=WARN msg="spawned monster type not found in registry; falling back to default Rat attributes" name="Bramble Wyrmling"
canary-go-server  | time=2026-07-23T23:59:14.027Z level=WARN msg="spawned monster type not found in registry; falling back to default Rat attributes" name="Hawk Hopper"
canary-go-server  | time=2026-07-23T23:59:14.027Z level=WARN msg="spawned monster type not found in registry; falling back to default Rat attributes" name="Hawk Hopper"
canary-go-server  | time=2026-07-23T23:59:14.027Z level=WARN msg="spawned monster type not found in registry; falling back to default Rat attributes" name="Bramble Wyrmling"
canary-go-server  | time=2026-07-23T23:59:14.027Z level=WARN msg="spawned monster type not found in registry; falling back to default Rat attributes" name="Hawk Hopper"
canary-go-server  | time=2026-07-23T23:59:14.032Z level=WARN msg="spawned monster type not found in registry; falling back to default Rat attributes" name="Gloom Maw"
canary-go-server  | time=2026-07-23T23:59:14.032Z level=WARN msg="spawned monster type not found in registry; falling back to default Rat attributes" name="Orclops Bloodbreaker"
canary-go-server  | time=2026-07-23T23:59:14.032Z level=WARN msg="spawned monster type not found in registry; falling back to default Rat attributes" name="Gloom Maw"
canary-go-server  | time=2026-07-23T23:59:14.032Z level=WARN msg="spawned monster type not found in registry; falling back to default Rat attributes" name="Dworc Shadowstalker"
canary-go-server  | time=2026-07-23T23:59:14.032Z level=WARN msg="spawned monster type not found in registry; falling back to default Rat attributes" name="Dworc Shadowstalker"
canary-go-server  | time=2026-07-23T23:59:14.032Z level=WARN msg="spawned monster type not found in registry; falling back to default Rat attributes" name="Norcferatu Heartless"
canary-go-server  | time=2026-07-23T23:59:14.033Z level=WARN msg="spawned monster type not found in registry; falling back to default Rat attributes" name="Dworc Shadowstalker"
canary-go-server  | time=2026-07-23T23:59:14.033Z level=WARN msg="spawned monster type not found in registry; falling back to default Rat attributes" name="Dworc Shadowstalker"
canary-go-server  | time=2026-07-23T23:59:14.033Z level=WARN msg="spawned monster type not found in registry; falling back to default Rat attributes" name="Dworc Shadowstalker"
canary-go-server  | time=2026-07-23T23:59:14.033Z level=WARN msg="spawned monster type not found in registry; falling back to default Rat attributes" name="Dworc Shadowstalker"
canary-go-server  | time=2026-07-23T23:59:14.033Z level=WARN msg="spawned monster type not found in registry; falling back to default Rat attributes" name="Dworc Shadowstalker"
canary-go-server  | time=2026-07-23T23:59:14.033Z level=WARN msg="spawned monster type not found in registry; falling back to default Rat attributes" name="Gloom Maw"
canary-go-server  | time=2026-07-23T23:59:14.033Z level=WARN msg="spawned monster type not found in registry; falling back to default Rat attributes" name="Dworc Shadowstalker"
canary-go-server  | time=2026-07-23T23:59:14.033Z level=WARN msg="spawned monster type not found in registry; falling back to default Rat attributes" name="Norcferatu Nightweaver"
canary-go-server  | time=2026-07-23T23:59:14.033Z level=WARN msg="spawned monster type not found in registry; falling back to default Rat attributes" name="Orclops Bloodbreaker"
canary-go-server  | time=2026-07-23T23:59:14.033Z level=WARN msg="spawned monster type not found in registry; falling back to default Rat attributes" name="Gloom Maw"
canary-go-server  | time=2026-07-23T23:59:14.033Z level=WARN msg="spawned monster type not found in registry; falling back to default Rat attributes" name="Dworc Shadowstalker"
canary-go-server  | time=2026-07-23T23:59:14.033Z level=WARN msg="spawned monster type not found in registry; falling back to default Rat attributes" name="Dworc Shadowstalker"
canary-go-server  | time=2026-07-23T23:59:14.033Z level=WARN msg="spawned monster type not found in registry; falling back to default Rat attributes" name="Norcferatu Nightweaver"
canary-go-server  | time=2026-07-23T23:59:14.033Z level=WARN msg="spawned monster type not found in registry; falling back to default Rat attributes" name="Orclops Bloodbreaker"
canary-go-server  | time=2026-07-23T23:59:14.033Z level=WARN msg="spawned monster type not found in registry; falling back to default Rat attributes" name="Dworc Shadowstalker"
canary-go-server  | time=2026-07-23T23:59:14.033Z level=WARN msg="spawned monster type not found in registry; falling back to default Rat attributes" name="Dworc Shadowstalker"
canary-go-server  | time=2026-07-23T23:59:14.033Z level=WARN msg="spawned monster type not found in registry; falling back to default Rat attributes" name="Dworc Shadowstalker"
canary-go-server  | time=2026-07-23T23:59:14.033Z level=WARN msg="spawned monster type not found in registry; falling back to default Rat attributes" name="Orclops Bloodbreaker"
canary-go-server  | time=2026-07-23T23:59:14.033Z level=WARN msg="spawned monster type not found in registry; falling back to default Rat attributes" name="Gloom Maw"
canary-go-server  | time=2026-07-23T23:59:14.033Z level=WARN msg="spawned monster type not found in registry; falling back to default Rat attributes" name="Norcferatu Heartless"
canary-go-server  | time=2026-07-23T23:59:14.033Z level=WARN msg="spawned monster type not found in registry; falling back to default Rat attributes" name="Orclops Bloodbreaker"
canary-go-server  | time=2026-07-23T23:59:14.033Z level=WARN msg="spawned monster type not found in registry; falling back to default Rat attributes" name="Norcferatu Heartless"
canary-go-server  | time=2026-07-23T23:59:14.033Z level=WARN msg="spawned monster type not found in registry; falling back to default Rat attributes" name="Gloom Maw"
canary-go-server  | time=2026-07-23T23:59:14.033Z level=WARN msg="spawned monster type not found in registry; falling back to default Rat attributes" name="Dworc Shadowstalker"
canary-go-server  | time=2026-07-23T23:59:14.033Z level=WARN msg="spawned monster type not found in registry; falling back to default Rat attributes" name="Gloom Maw"
canary-go-server  | time=2026-07-23T23:59:14.033Z level=WARN msg="spawned monster type not found in registry; falling back to default Rat attributes" name="Dworc Shadowstalker"
canary-go-server  | time=2026-07-23T23:59:14.033Z level=WARN msg="spawned monster type not found in registry; falling back to default Rat attributes" name="Norcferatu Nightweaver"
canary-go-server  | time=2026-07-23T23:59:14.033Z level=WARN msg="spawned monster type not found in registry; falling back to default Rat attributes" name="Dworc Shadowstalker"
canary-go-server  | time=2026-07-23T23:59:14.033Z level=WARN msg="spawned monster type not found in registry; falling back to default Rat attributes" name="Dworc Shadowstalker"
canary-go-server  | time=2026-07-23T23:59:14.033Z level=WARN msg="spawned monster type not found in registry; falling back to default Rat attributes" name="Dworc Shadowstalker"
canary-go-server  | time=2026-07-23T23:59:14.033Z level=WARN msg="spawned monster type not found in registry; falling back to default Rat attributes" name="Orclops Bloodbreaker"
canary-go-server  | time=2026-07-23T23:59:14.033Z level=WARN msg="spawned monster type not found in registry; falling back to default Rat attributes" name="Norcferatu Heartless"
canary-go-server  | time=2026-07-23T23:59:14.033Z level=WARN msg="spawned monster type not found in registry; falling back to default Rat attributes" name="Orclops Bloodbreaker"
canary-go-server  | time=2026-07-23T23:59:14.033Z level=WARN msg="spawned monster type not found in registry; falling back to default Rat attributes" name="Orclops Bloodbreaker"
canary-go-server  | time=2026-07-23T23:59:14.033Z level=WARN msg="spawned monster type not found in registry; falling back to default Rat attributes" name="Dworc Shadowstalker"
canary-go-server  | time=2026-07-23T23:59:14.033Z level=WARN msg="spawned monster type not found in registry; falling back to default Rat attributes" name="Gloom Maw"
canary-go-server  | time=2026-07-23T23:59:14.033Z level=WARN msg="spawned monster type not found in registry; falling back to default Rat attributes" name="Orclops Bloodbreaker"
canary-go-server  | time=2026-07-23T23:59:14.033Z level=WARN msg="spawned monster type not found in registry; falling back to default Rat attributes" name=Varg
canary-go-server  | time=2026-07-23T23:59:14.033Z level=WARN msg="spawned monster type not found in registry; falling back to default Rat attributes" name="Gloom Maw"
canary-go-server  | time=2026-07-23T23:59:14.033Z level=WARN msg="spawned monster type not found in registry; falling back to default Rat attributes" name="Dworc Shadowstalker"
canary-go-server  | time=2026-07-23T23:59:14.033Z level=WARN msg="spawned monster type not found in registry; falling back to default Rat attributes" name="Orclops Bloodbreaker"
canary-go-server  | time=2026-07-23T23:59:14.033Z level=WARN msg="spawned monster type not found in registry; falling back to default Rat attributes" name=Varg
canary-go-server  | time=2026-07-23T23:59:14.033Z level=WARN msg="spawned monster type not found in registry; falling back to default Rat attributes" name="Gloom Maw"
canary-go-server  | time=2026-07-23T23:59:14.033Z level=WARN msg="spawned monster type not found in registry; falling back to default Rat attributes" name="Norcferatu Nightweaver"
canary-go-server  | time=2026-07-23T23:59:14.033Z level=WARN msg="spawned monster type not found in registry; falling back to default Rat attributes" name="Gloom Maw"
canary-go-server  | time=2026-07-23T23:59:14.033Z level=WARN msg="spawned monster type not found in registry; falling back to default Rat attributes" name="Dworc Shadowstalker"
canary-go-server  | time=2026-07-23T23:59:14.033Z level=WARN msg="spawned monster type not found in registry; falling back to default Rat attributes" name="Gloom Maw"
canary-go-server  | time=2026-07-23T23:59:14.033Z level=WARN msg="spawned monster type not found in registry; falling back to default Rat attributes" name="Orclops Bloodbreaker"
canary-go-server  | time=2026-07-23T23:59:14.033Z level=WARN msg="spawned monster type not found in registry; falling back to default Rat attributes" name="Gloom Maw"
canary-go-server  | time=2026-07-23T23:59:14.033Z level=WARN msg="spawned monster type not found in registry; falling back to default Rat attributes" name="Dworc Shadowstalker"
canary-go-server  | time=2026-07-23T23:59:14.033Z level=WARN msg="spawned monster type not found in registry; falling back to default Rat attributes" name="Orclops Bloodbreaker"
canary-go-server  | time=2026-07-23T23:59:14.033Z level=WARN msg="spawned monster type not found in registry; falling back to default Rat attributes" name="Gloom Maw"
canary-go-server  | time=2026-07-23T23:59:14.033Z level=WARN msg="spawned monster type not found in registry; falling back to default Rat attributes" name="Gloom Maw"
canary-go-server  | time=2026-07-23T23:59:14.033Z level=WARN msg="spawned monster type not found in registry; falling back to default Rat attributes" name="Dworc Shadowstalker"
canary-go-server  | time=2026-07-23T23:59:14.033Z level=WARN msg="spawned monster type not found in registry; falling back to default Rat attributes" name="Dworc Shadowstalker"
canary-go-server  | time=2026-07-23T23:59:14.033Z level=WARN msg="spawned monster type not found in registry; falling back to default Rat attributes" name="Gloom Maw"
canary-go-server  | time=2026-07-23T23:59:14.033Z level=WARN msg="spawned monster type not found in registry; falling back to default Rat attributes" name="Gloom Maw"
canary-go-server  | time=2026-07-23T23:59:14.033Z level=WARN msg="spawned monster type not found in registry; falling back to default Rat attributes" name="Norcferatu Heartless"
canary-go-server  | time=2026-07-23T23:59:14.033Z level=WARN msg="spawned monster type not found in registry; falling back to default Rat attributes" name="Dworc Shadowstalker"
canary-go-server  | time=2026-07-23T23:59:14.033Z level=WARN msg="spawned monster type not found in registry; falling back to default Rat attributes" name="Gloom Maw"
canary-go-server  | time=2026-07-23T23:59:14.033Z level=WARN msg="spawned monster type not found in registry; falling back to default Rat attributes" name="Orclops Bloodbreaker"
canary-go-server  | time=2026-07-23T23:59:14.033Z level=WARN msg="spawned monster type not found in registry; falling back to default Rat attributes" name=Varg
canary-go-server  | time=2026-07-23T23:59:14.033Z level=WARN msg="spawned monster type not found in registry; falling back to default Rat attributes" name="Dworc Shadowstalker"
canary-go-server  | time=2026-07-23T23:59:14.033Z level=WARN msg="spawned monster type not found in registry; falling back to default Rat attributes" name="Norcferatu Nightweaver"
canary-go-server  | time=2026-07-23T23:59:14.033Z level=WARN msg="spawned monster type not found in registry; falling back to default Rat attributes" name="Dworc Shadowstalker"
canary-go-server  | time=2026-07-23T23:59:14.033Z level=WARN msg="spawned monster type not found in registry; falling back to default Rat attributes" name="Dworc Shadowstalker"
canary-go-server  | time=2026-07-23T23:59:14.033Z level=WARN msg="spawned monster type not found in registry; falling back to default Rat attributes" name="Dworc Shadowstalker"
canary-go-server  | time=2026-07-23T23:59:14.033Z level=WARN msg="spawned monster type not found in registry; falling back to default Rat attributes" name="Norcferatu Heartless"
canary-go-server  | time=2026-07-23T23:59:14.033Z level=WARN msg="spawned monster type not found in registry; falling back to default Rat attributes" name="Dworc Shadowstalker"
canary-go-server  | time=2026-07-23T23:59:14.033Z level=WARN msg="spawned monster type not found in registry; falling back to default Rat attributes" name="Dworc Shadowstalker"
canary-go-server  | time=2026-07-23T23:59:14.033Z level=WARN msg="spawned monster type not found in registry; falling back to default Rat attributes" name="Gloom Maw"
canary-go-server  | time=2026-07-23T23:59:14.033Z level=WARN msg="spawned monster type not found in registry; falling back to default Rat attributes" name="Gloom Maw"
canary-go-server  | time=2026-07-23T23:59:14.033Z level=WARN msg="spawned monster type not found in registry; falling back to default Rat attributes" name="Dworc Shadowstalker"
canary-go-server  | time=2026-07-23T23:59:14.033Z level=WARN msg="spawned monster type not found in registry; falling back to default Rat attributes" name="Orclops Bloodbreaker"
canary-go-server  | time=2026-07-23T23:59:14.033Z level=WARN msg="spawned monster type not found in registry; falling back to default Rat attributes" name="Gloom Maw"
canary-go-server  | time=2026-07-23T23:59:14.033Z level=WARN msg="spawned monster type not found in registry; falling back to default Rat attributes" name="Gloom Maw"
canary-go-server  | time=2026-07-23T23:59:14.033Z level=WARN msg="spawned monster type not found in registry; falling back to default Rat attributes" name="Norcferatu Heartless"
canary-go-server  | time=2026-07-23T23:59:14.033Z level=WARN msg="spawned monster type not found in registry; falling back to default Rat attributes" name="Gloom Maw"
canary-go-server  | time=2026-07-23T23:59:14.033Z level=WARN msg="spawned monster type not found in registry; falling back to default Rat attributes" name="Gloom Maw"
canary-go-server  | time=2026-07-23T23:59:14.033Z level=WARN msg="spawned monster type not found in registry; falling back to default Rat attributes" name="Orclops Bloodbreaker"
canary-go-server  | time=2026-07-23T23:59:14.033Z level=WARN msg="spawned monster type not found in registry; falling back to default Rat attributes" name="Gloom Maw"
canary-go-server  | time=2026-07-23T23:59:14.033Z level=WARN msg="spawned monster type not found in registry; falling back to default Rat attributes" name="Gloom Maw"
canary-go-server  | time=2026-07-23T23:59:14.033Z level=WARN msg="spawned monster type not found in registry; falling back to default Rat attributes" name="Dworc Shadowstalker"
canary-go-server  | time=2026-07-23T23:59:14.033Z level=WARN msg="spawned monster type not found in registry; falling back to default Rat attributes" name="Orclops Bloodbreaker"
canary-go-server  | time=2026-07-23T23:59:14.033Z level=WARN msg="spawned monster type not found in registry; falling back to default Rat attributes" name="Orclops Bloodbreaker"
canary-go-server  | time=2026-07-23T23:59:14.033Z level=WARN msg="spawned monster type not found in registry; falling back to default Rat attributes" name=Varg
canary-go-server  | time=2026-07-23T23:59:14.033Z level=WARN msg="spawned monster type not found in registry; falling back to default Rat attributes" name="Orclops Bloodbreaker"
canary-go-server  | time=2026-07-23T23:59:14.033Z level=WARN msg="spawned monster type not found in registry; falling back to default Rat attributes" name="Orclops Bloodbreaker"
canary-go-server  | time=2026-07-23T23:59:14.033Z level=WARN msg="spawned monster type not found in registry; falling back to default Rat attributes" name="Dworc Shadowstalker"
canary-go-server  | time=2026-07-23T23:59:14.033Z level=WARN msg="spawned monster type not found in registry; falling back to default Rat attributes" name="Norcferatu Heartless"
canary-go-server  | time=2026-07-23T23:59:14.033Z level=WARN msg="spawned monster type not found in registry; falling back to default Rat attributes" name="Orclops Bloodbreaker"
canary-go-server  | time=2026-07-23T23:59:14.033Z level=WARN msg="spawned monster type not found in registry; falling back to default Rat attributes" name="Dworc Shadowstalker"
canary-go-server  | time=2026-07-23T23:59:14.033Z level=WARN msg="spawned monster type not found in registry; falling back to default Rat attributes" name="Dworc Shadowstalker"
canary-go-server  | time=2026-07-23T23:59:14.033Z level=WARN msg="spawned monster type not found in registry; falling back to default Rat attributes" name="Gloom Maw"
canary-go-server  | time=2026-07-23T23:59:14.033Z level=WARN msg="spawned monster type not found in registry; falling back to default Rat attributes" name="Gloom Maw"
canary-go-server  | time=2026-07-23T23:59:14.033Z level=WARN msg="spawned monster type not found in registry; falling back to default Rat attributes" name="Dworc Shadowstalker"
canary-go-server  | time=2026-07-23T23:59:14.033Z level=WARN msg="spawned monster type not found in registry; falling back to default Rat attributes" name="Gloom Maw"
canary-go-server  | time=2026-07-23T23:59:14.033Z level=WARN msg="spawned monster type not found in registry; falling back to default Rat attributes" name="Gloom Maw"
canary-go-server  | time=2026-07-23T23:59:14.033Z level=WARN msg="spawned monster type not found in registry; falling back to default Rat attributes" name="Gloom Maw"
canary-go-server  | time=2026-07-23T23:59:14.033Z level=WARN msg="spawned monster type not found in registry; falling back to default Rat attributes" name="Dworc Shadowstalker"
canary-go-server  | time=2026-07-23T23:59:14.033Z level=WARN msg="spawned monster type not found in registry; falling back to default Rat attributes" name="Dworc Shadowstalker"
canary-go-server  | time=2026-07-23T23:59:14.033Z level=WARN msg="spawned monster type not found in registry; falling back to default Rat attributes" name="Dworc Shadowstalker"
canary-go-server  | time=2026-07-23T23:59:14.033Z level=WARN msg="spawned monster type not found in registry; falling back to default Rat attributes" name="Gloom Maw"
canary-go-server  | time=2026-07-23T23:59:14.033Z level=WARN msg="spawned monster type not found in registry; falling back to default Rat attributes" name="Norcferatu Heartless"
canary-go-server  | time=2026-07-23T23:59:14.033Z level=WARN msg="spawned monster type not found in registry; falling back to default Rat attributes" name="Dworc Shadowstalker"
canary-go-server  | time=2026-07-23T23:59:14.033Z level=WARN msg="spawned monster type not found in registry; falling back to default Rat attributes" name="Orclops Bloodbreaker"
canary-go-server  | time=2026-07-23T23:59:14.033Z level=WARN msg="spawned monster type not found in registry; falling back to default Rat attributes" name="Dworc Shadowstalker"
canary-go-server  | time=2026-07-23T23:59:14.033Z level=WARN msg="spawned monster type not found in registry; falling back to default Rat attributes" name="Norcferatu Heartless"
canary-go-server  | time=2026-07-23T23:59:14.033Z level=WARN msg="spawned monster type not found in registry; falling back to default Rat attributes" name="Dworc Shadowstalker"
canary-go-server  | time=2026-07-23T23:59:14.033Z level=WARN msg="spawned monster type not found in registry; falling back to default Rat attributes" name="Orclops Bloodbreaker"
canary-go-server  | time=2026-07-23T23:59:14.033Z level=WARN msg="spawned monster type not found in registry; falling back to default Rat attributes" name="Norcferatu Heartless"
canary-go-server  | time=2026-07-23T23:59:14.033Z level=WARN msg="spawned monster type not found in registry; falling back to default Rat attributes" name="Orclops Bloodbreaker"
canary-go-server  | time=2026-07-23T23:59:14.033Z level=WARN msg="spawned monster type not found in registry; falling back to default Rat attributes" name="Dworc Shadowstalker"
canary-go-server  | time=2026-07-23T23:59:14.036Z level=WARN msg="spawned monster type not found in registry; falling back to default Rat attributes" name="Cinder Wyrmling"
canary-go-server  | time=2026-07-23T23:59:14.036Z level=WARN msg="spawned monster type not found in registry; falling back to default Rat attributes" name="Shell Drake"
canary-go-server  | time=2026-07-23T23:59:14.036Z level=WARN msg="spawned monster type not found in registry; falling back to default Rat attributes" name="Cinder Wyrmling"
canary-go-server  | time=2026-07-23T23:59:14.036Z level=WARN msg="spawned monster type not found in registry; falling back to default Rat attributes" name="Cinder Wyrmling"
canary-go-server  | time=2026-07-23T23:59:14.036Z level=WARN msg="spawned monster type not found in registry; falling back to default Rat attributes" name="Cinder Wyrmling"
canary-go-server  | time=2026-07-23T23:59:14.036Z level=WARN msg="spawned monster type not found in registry; falling back to default Rat attributes" name="Cinder Wyrmling"
canary-go-server  | time=2026-07-23T23:59:14.036Z level=WARN msg="spawned monster type not found in registry; falling back to default Rat attributes" name="Shell Drake"
canary-go-server  | time=2026-07-23T23:59:14.036Z level=WARN msg="spawned monster type not found in registry; falling back to default Rat attributes" name="Shell Drake"
canary-go-server  | time=2026-07-23T23:59:14.036Z level=WARN msg="spawned monster type not found in registry; falling back to default Rat attributes" name="Shell Drake"
canary-go-server  | time=2026-07-23T23:59:14.036Z level=WARN msg="spawned monster type not found in registry; falling back to default Rat attributes" name="Shell Drake"
canary-go-server  | time=2026-07-23T23:59:14.036Z level=WARN msg="spawned monster type not found in registry; falling back to default Rat attributes" name="Shell Drake"
canary-go-server  | time=2026-07-23T23:59:14.036Z level=WARN msg="spawned monster type not found in registry; falling back to default Rat attributes" name="Cinder Wyrmling"
canary-go-server  | time=2026-07-23T23:59:14.036Z level=WARN msg="spawned monster type not found in registry; falling back to default Rat attributes" name="Cinder Wyrmling"
canary-go-server  | time=2026-07-23T23:59:14.036Z level=WARN msg="spawned monster type not found in registry; falling back to default Rat attributes" name="Cinder Wyrmling"
canary-go-server  | time=2026-07-23T23:59:14.036Z level=WARN msg="spawned monster type not found in registry; falling back to default Rat attributes" name="Cinder Wyrmling"
canary-go-server  | time=2026-07-23T23:59:14.036Z level=WARN msg="spawned monster type not found in registry; falling back to default Rat attributes" name="Cinder Wyrmling"
canary-go-server  | time=2026-07-23T23:59:14.036Z level=WARN msg="spawned monster type not found in registry; falling back to default Rat attributes" name="Cinder Wyrmling"
canary-go-server  | time=2026-07-23T23:59:14.036Z level=WARN msg="spawned monster type not found in registry; falling back to default Rat attributes" name="Shell Drake"
canary-go-server  | time=2026-07-23T23:59:14.036Z level=WARN msg="spawned monster type not found in registry; falling back to default Rat attributes" name="Shell Drake"
canary-go-server  | time=2026-07-23T23:59:14.036Z level=WARN msg="spawned monster type not found in registry; falling back to default Rat attributes" name="Shell Drake"
canary-go-server  | time=2026-07-23T23:59:14.036Z level=WARN msg="spawned monster type not found in registry; falling back to default Rat attributes" name="Shell Drake"
canary-go-server  | time=2026-07-23T23:59:14.036Z level=WARN msg="spawned monster type not found in registry; falling back to default Rat attributes" name="Shell Drake"
canary-go-server  | time=2026-07-23T23:59:14.036Z level=WARN msg="spawned monster type not found in registry; falling back to default Rat attributes" name="Cinder Wyrmling"
canary-go-server  | time=2026-07-23T23:59:14.036Z level=WARN msg="spawned monster type not found in registry; falling back to default Rat attributes" name="Cinder Wyrmling"
canary-go-server  | time=2026-07-23T23:59:14.036Z level=WARN msg="spawned monster type not found in registry; falling back to default Rat attributes" name="Cinder Wyrmling"
canary-go-server  | time=2026-07-23T23:59:14.036Z level=WARN msg="spawned monster type not found in registry; falling back to default Rat attributes" name="Shell Drake"
canary-go-server  | time=2026-07-23T23:59:14.036Z level=WARN msg="spawned monster type not found in registry; falling back to default Rat attributes" name="Cinder Wyrmling"
canary-go-server  | time=2026-07-23T23:59:14.036Z level=WARN msg="spawned monster type not found in registry; falling back to default Rat attributes" name="Shell Drake"
canary-go-server  | time=2026-07-23T23:59:14.036Z level=WARN msg="spawned monster type not found in registry; falling back to default Rat attributes" name="Cinder Wyrmling"
canary-go-server  | time=2026-07-23T23:59:14.036Z level=WARN msg="spawned monster type not found in registry; falling back to default Rat attributes" name="Cinder Wyrmling"
canary-go-server  | time=2026-07-23T23:59:14.036Z level=WARN msg="spawned monster type not found in registry; falling back to default Rat attributes" name="Shell Drake"
canary-go-server  | time=2026-07-23T23:59:14.036Z level=WARN msg="spawned monster type not found in registry; falling back to default Rat attributes" name="Cinder Wyrmling"
canary-go-server  | time=2026-07-23T23:59:14.036Z level=WARN msg="spawned monster type not found in registry; falling back to default Rat attributes" name="Cinder Wyrmling"
canary-go-server  | time=2026-07-23T23:59:14.036Z level=WARN msg="spawned monster type not found in registry; falling back to default Rat attributes" name="Shell Drake"
canary-go-server  | time=2026-07-23T23:59:14.036Z level=WARN msg="spawned monster type not found in registry; falling back to default Rat attributes" name="Cinder Wyrmling"
canary-go-server  | time=2026-07-23T23:59:14.036Z level=WARN msg="spawned monster type not found in registry; falling back to default Rat attributes" name="Cinder Wyrmling"
canary-go-server  | time=2026-07-23T23:59:14.036Z level=WARN msg="spawned monster type not found in registry; falling back to default Rat attributes" name="Shell Drake"
canary-go-server  | time=2026-07-23T23:59:14.036Z level=WARN msg="spawned monster type not found in registry; falling back to default Rat attributes" name="Shell Drake"
canary-go-server  | time=2026-07-23T23:59:14.036Z level=WARN msg="spawned monster type not found in registry; falling back to default Rat attributes" name="Cinder Wyrmling"
canary-go-server  | time=2026-07-23T23:59:14.036Z level=WARN msg="spawned monster type not found in registry; falling back to default Rat attributes" name="Shell Drake"
canary-go-server  | time=2026-07-23T23:59:14.036Z level=WARN msg="spawned monster type not found in registry; falling back to default Rat attributes" name="Cinder Wyrmling"
canary-go-server  | time=2026-07-23T23:59:14.036Z level=WARN msg="spawned monster type not found in registry; falling back to default Rat attributes" name="Cinder Wyrmling"
canary-go-server  | time=2026-07-23T23:59:14.036Z level=WARN msg="spawned monster type not found in registry; falling back to default Rat attributes" name="Shell Drake"
canary-go-server  | time=2026-07-23T23:59:14.036Z level=WARN msg="spawned monster type not found in registry; falling back to default Rat attributes" name="Shell Drake"
canary-go-server  | time=2026-07-23T23:59:14.036Z level=WARN msg="spawned monster type not found in registry; falling back to default Rat attributes" name="Shell Drake"
canary-go-server  | time=2026-07-23T23:59:14.036Z level=WARN msg="spawned monster type not found in registry; falling back to default Rat attributes" name="Cinder Wyrmling"
canary-go-server  | time=2026-07-23T23:59:14.036Z level=WARN msg="spawned monster type not found in registry; falling back to default Rat attributes" name="Cinder Wyrmling"
canary-go-server  | time=2026-07-23T23:59:14.036Z level=WARN msg="spawned monster type not found in registry; falling back to default Rat attributes" name="Cinder Wyrmling"
canary-go-server  | time=2026-07-23T23:59:14.036Z level=WARN msg="spawned monster type not found in registry; falling back to default Rat attributes" name="Shell Drake"
canary-go-server  | time=2026-07-23T23:59:14.036Z level=WARN msg="spawned monster type not found in registry; falling back to default Rat attributes" name="Cinder Wyrmling"
canary-go-server  | time=2026-07-23T23:59:14.037Z level=WARN msg="spawned monster type not found in registry; falling back to default Rat attributes" name="Shell Drake"
canary-go-server  | time=2026-07-23T23:59:14.037Z level=WARN msg="spawned monster type not found in registry; falling back to default Rat attributes" name="Cinder Wyrmling"
canary-go-server  | time=2026-07-23T23:59:14.037Z level=WARN msg="spawned monster type not found in registry; falling back to default Rat attributes" name="Cinder Wyrmling"
canary-go-server  | time=2026-07-23T23:59:14.037Z level=WARN msg="spawned monster type not found in registry; falling back to default Rat attributes" name="Cinder Wyrmling"
canary-go-server  | time=2026-07-23T23:59:14.037Z level=WARN msg="spawned monster type not found in registry; falling back to default Rat attributes" name="Cinder Wyrmling"
canary-go-server  | time=2026-07-23T23:59:14.037Z level=WARN msg="spawned monster type not found in registry; falling back to default Rat attributes" name="Cinder Wyrmling"
canary-go-server  | time=2026-07-23T23:59:14.037Z level=WARN msg="spawned monster type not found in registry; falling back to default Rat attributes" name="Shell Drake"
canary-go-server  | time=2026-07-23T23:59:14.037Z level=WARN msg="spawned monster type not found in registry; falling back to default Rat attributes" name="Cinder Wyrmling"
canary-go-server  | time=2026-07-23T23:59:14.037Z level=WARN msg="spawned monster type not found in registry; falling back to default Rat attributes" name="Cinder Wyrmling"
canary-go-server  | time=2026-07-23T23:59:14.037Z level=WARN msg="spawned monster type not found in registry; falling back to default Rat attributes" name="Shell Drake"
canary-go-server  | time=2026-07-23T23:59:14.037Z level=WARN msg="spawned monster type not found in registry; falling back to default Rat attributes" name="Cinder Wyrmling"
canary-go-server  | time=2026-07-23T23:59:14.037Z level=WARN msg="spawned monster type not found in registry; falling back to default Rat attributes" name="Cinder Wyrmling"
canary-go-server  | time=2026-07-23T23:59:14.037Z level=WARN msg="spawned monster type not found in registry; falling back to default Rat attributes" name="Cinder Wyrmling"
canary-go-server  | time=2026-07-23T23:59:14.037Z level=WARN msg="spawned monster type not found in registry; falling back to default Rat attributes" name="Cinder Wyrmling"
canary-go-server  | time=2026-07-23T23:59:14.037Z level=WARN msg="spawned monster type not found in registry; falling back to default Rat attributes" name="Cinder Wyrmling"
canary-go-server  | time=2026-07-23T23:59:14.037Z level=WARN msg="spawned monster type not found in registry; falling back to default Rat attributes" name="Cinder Wyrmling"
canary-go-server  | time=2026-07-23T23:59:14.037Z level=WARN msg="spawned monster type not found in registry; falling back to default Rat attributes" name="Shell Drake"
canary-go-server  | time=2026-07-23T23:59:14.037Z level=WARN msg="spawned monster type not found in registry; falling back to default Rat attributes" name="Shell Drake"
canary-go-server  | time=2026-07-23T23:59:14.037Z level=WARN msg="spawned monster type not found in registry; falling back to default Rat attributes" name="Cinder Wyrmling"
canary-go-server  | time=2026-07-23T23:59:14.037Z level=WARN msg="spawned monster type not found in registry; falling back to default Rat attributes" name="Cinder Wyrmling"
canary-go-server  | time=2026-07-23T23:59:14.037Z level=WARN msg="spawned monster type not found in registry; falling back to default Rat attributes" name="Shell Drake"
canary-go-server  | time=2026-07-23T23:59:14.038Z level=WARN msg="spawned monster type not found in registry; falling back to default Rat attributes" name="Shell Drake"
canary-go-server  | time=2026-07-23T23:59:14.038Z level=WARN msg="spawned monster type not found in registry; falling back to default Rat attributes" name="Shell Drake"
canary-go-server  | time=2026-07-23T23:59:14.038Z level=WARN msg="spawned monster type not found in registry; falling back to default Rat attributes" name="Cinder Wyrmling"
canary-go-server  | time=2026-07-23T23:59:14.038Z level=WARN msg="spawned monster type not found in registry; falling back to default Rat attributes" name="Shell Drake"
canary-go-server  | time=2026-07-23T23:59:14.038Z level=WARN msg="spawned monster type not found in registry; falling back to default Rat attributes" name="Shell Drake"
canary-go-server  | time=2026-07-23T23:59:14.038Z level=WARN msg="spawned monster type not found in registry; falling back to default Rat attributes" name="Cinder Wyrmling"
canary-go-server  | time=2026-07-23T23:59:14.038Z level=WARN msg="spawned monster type not found in registry; falling back to default Rat attributes" name="Shell Drake"
canary-go-server  | time=2026-07-23T23:59:14.038Z level=WARN msg="spawned monster type not found in registry; falling back to default Rat attributes" name="Shell Drake"
canary-go-server  | time=2026-07-23T23:59:14.038Z level=WARN msg="spawned monster type not found in registry; falling back to default Rat attributes" name="Cinder Wyrmling"
canary-go-server  | time=2026-07-23T23:59:14.038Z level=WARN msg="spawned monster type not found in registry; falling back to default Rat attributes" name="Cinder Wyrmling"
canary-go-server  | time=2026-07-23T23:59:14.038Z level=WARN msg="spawned monster type not found in registry; falling back to default Rat attributes" name="Cinder Wyrmling"
canary-go-server  | time=2026-07-23T23:59:14.038Z level=WARN msg="spawned monster type not found in registry; falling back to default Rat attributes" name="Cinder Wyrmling"
canary-go-server  | time=2026-07-23T23:59:14.038Z level=WARN msg="spawned monster type not found in registry; falling back to default Rat attributes" name="Shell Drake"
canary-go-server  | time=2026-07-23T23:59:14.038Z level=WARN msg="spawned monster type not found in registry; falling back to default Rat attributes" name="Shell Drake"
canary-go-server  | time=2026-07-23T23:59:14.038Z level=WARN msg="spawned monster type not found in registry; falling back to default Rat attributes" name="Cinder Wyrmling"
canary-go-server  | time=2026-07-23T23:59:14.038Z level=WARN msg="spawned monster type not found in registry; falling back to default Rat attributes" name="Shell Drake"
canary-go-server  | time=2026-07-23T23:59:14.038Z level=WARN msg="spawned monster type not found in registry; falling back to default Rat attributes" name="Cinder Wyrmling"
canary-go-server  | time=2026-07-23T23:59:14.038Z level=WARN msg="spawned monster type not found in registry; falling back to default Rat attributes" name="Shell Drake"
canary-go-server  | time=2026-07-23T23:59:14.038Z level=WARN msg="spawned monster type not found in registry; falling back to default Rat attributes" name="Shell Drake"
canary-go-server  | time=2026-07-23T23:59:14.038Z level=WARN msg="spawned monster type not found in registry; falling back to default Rat attributes" name="Cinder Wyrmling"
canary-go-server  | time=2026-07-23T23:59:14.038Z level=WARN msg="spawned monster type not found in registry; falling back to default Rat attributes" name="Cinder Wyrmling"
canary-go-server  | time=2026-07-23T23:59:14.038Z level=WARN msg="spawned monster type not found in registry; falling back to default Rat attributes" name="Cinder Wyrmling"
canary-go-server  | time=2026-07-23T23:59:14.038Z level=WARN msg="spawned monster type not found in registry; falling back to default Rat attributes" name="Shell Drake"
canary-go-server  | time=2026-07-23T23:59:14.039Z level=WARN msg="spawned monster type not found in registry; falling back to default Rat attributes" name="Shell Drake"
canary-go-server  | time=2026-07-23T23:59:14.039Z level=WARN msg="spawned monster type not found in registry; falling back to default Rat attributes" name="Cinder Wyrmling"
canary-go-server  | time=2026-07-23T23:59:14.039Z level=WARN msg="spawned monster type not found in registry; falling back to default Rat attributes" name="Cinder Wyrmling"
canary-go-server  | time=2026-07-23T23:59:14.039Z level=WARN msg="spawned monster type not found in registry; falling back to default Rat attributes" name="Cinder Wyrmling"
canary-go-server  | time=2026-07-23T23:59:14.039Z level=WARN msg="spawned monster type not found in registry; falling back to default Rat attributes" name="Cinder Wyrmling"
canary-go-server  | time=2026-07-23T23:59:14.039Z level=WARN msg="spawned monster type not found in registry; falling back to default Rat attributes" name="Cinder Wyrmling"
canary-go-server  | time=2026-07-23T23:59:14.045Z level=WARN msg="spawned monster type not found in registry; falling back to default Rat attributes" name="Lion Hydra"
canary-go-server  | time=2026-07-23T23:59:14.045Z level=WARN msg="spawned monster type not found in registry; falling back to default Rat attributes" name=Bluebeak
canary-go-server  | time=2026-07-23T23:59:14.045Z level=WARN msg="spawned monster type not found in registry; falling back to default Rat attributes" name=Bluebeak
canary-go-server  | time=2026-07-23T23:59:14.045Z level=WARN msg="spawned monster type not found in registry; falling back to default Rat attributes" name="Lion Hydra"
canary-go-server  | time=2026-07-23T23:59:14.045Z level=WARN msg="spawned monster type not found in registry; falling back to default Rat attributes" name=Bluebeak
canary-go-server  | time=2026-07-23T23:59:14.045Z level=WARN msg="spawned monster type not found in registry; falling back to default Rat attributes" name=Bluebeak
canary-go-server  | time=2026-07-23T23:59:14.045Z level=WARN msg="spawned monster type not found in registry; falling back to default Rat attributes" name=Bluebeak
canary-go-server  | time=2026-07-23T23:59:14.045Z level=WARN msg="spawned monster type not found in registry; falling back to default Rat attributes" name=Bluebeak
canary-go-server  | time=2026-07-23T23:59:14.045Z level=WARN msg="spawned monster type not found in registry; falling back to default Rat attributes" name="Lion Hydra"
canary-go-server  | time=2026-07-23T23:59:14.045Z level=WARN msg="spawned monster type not found in registry; falling back to default Rat attributes" name=Bluebeak
canary-go-server  | time=2026-07-23T23:59:14.045Z level=WARN msg="spawned monster type not found in registry; falling back to default Rat attributes" name="Lion Hydra"
canary-go-server  | time=2026-07-23T23:59:14.045Z level=WARN msg="spawned monster type not found in registry; falling back to default Rat attributes" name="Lion Hydra"
canary-go-server  | time=2026-07-23T23:59:14.045Z level=WARN msg="spawned monster type not found in registry; falling back to default Rat attributes" name="Lion Hydra"
canary-go-server  | time=2026-07-23T23:59:14.045Z level=WARN msg="spawned monster type not found in registry; falling back to default Rat attributes" name="Lion Hydra"
canary-go-server  | time=2026-07-23T23:59:14.045Z level=WARN msg="spawned monster type not found in registry; falling back to default Rat attributes" name="Lion Hydra"
canary-go-server  | time=2026-07-23T23:59:14.045Z level=WARN msg="spawned monster type not found in registry; falling back to default Rat attributes" name="Lion Hydra"
canary-go-server  | time=2026-07-23T23:59:14.045Z level=WARN msg="spawned monster type not found in registry; falling back to default Rat attributes" name="Lion Hydra"
canary-go-server  | time=2026-07-23T23:59:14.045Z level=WARN msg="spawned monster type not found in registry; falling back to default Rat attributes" name="Lion Hydra"
canary-go-server  | time=2026-07-23T23:59:14.045Z level=WARN msg="spawned monster type not found in registry; falling back to default Rat attributes" name=Bluebeak
canary-go-server  | time=2026-07-23T23:59:14.045Z level=WARN msg="spawned monster type not found in registry; falling back to default Rat attributes" name="Lion Hydra"
canary-go-server  | time=2026-07-23T23:59:14.045Z level=WARN msg="spawned monster type not found in registry; falling back to default Rat attributes" name=Bluebeak
canary-go-server  | time=2026-07-23T23:59:14.045Z level=WARN msg="spawned monster type not found in registry; falling back to default Rat attributes" name="Lion Hydra"
canary-go-server  | time=2026-07-23T23:59:14.045Z level=WARN msg="spawned monster type not found in registry; falling back to default Rat attributes" name="Lion Hydra"
canary-go-server  | time=2026-07-23T23:59:14.046Z level=WARN msg="spawned monster type not found in registry; falling back to default Rat attributes" name=Bluebeak
canary-go-server  | time=2026-07-23T23:59:14.046Z level=WARN msg="spawned monster type not found in registry; falling back to default Rat attributes" name="Lion Hydra"
canary-go-server  | time=2026-07-23T23:59:14.046Z level=WARN msg="spawned monster type not found in registry; falling back to default Rat attributes" name=Bluebeak
canary-go-server  | time=2026-07-23T23:59:14.046Z level=WARN msg="spawned monster type not found in registry; falling back to default Rat attributes" name="Lion Hydra"
canary-go-server  | time=2026-07-23T23:59:14.046Z level=WARN msg="spawned monster type not found in registry; falling back to default Rat attributes" name=Bluebeak
canary-go-server  | time=2026-07-23T23:59:14.046Z level=WARN msg="spawned monster type not found in registry; falling back to default Rat attributes" name=Bluebeak
canary-go-server  | time=2026-07-23T23:59:14.046Z level=WARN msg="spawned monster type not found in registry; falling back to default Rat attributes" name="Lion Hydra"
canary-go-server  | time=2026-07-23T23:59:14.046Z level=WARN msg="spawned monster type not found in registry; falling back to default Rat attributes" name=Bluebeak
canary-go-server  | time=2026-07-23T23:59:14.046Z level=WARN msg="spawned monster type not found in registry; falling back to default Rat attributes" name=Bluebeak
canary-go-server  | time=2026-07-23T23:59:14.046Z level=WARN msg="spawned monster type not found in registry; falling back to default Rat attributes" name=Bluebeak
canary-go-server  | time=2026-07-23T23:59:14.046Z level=WARN msg="spawned monster type not found in registry; falling back to default Rat attributes" name="Lion Hydra"
canary-go-server  | time=2026-07-23T23:59:14.046Z level=WARN msg="spawned monster type not found in registry; falling back to default Rat attributes" name=Bluebeak
canary-go-server  | time=2026-07-23T23:59:14.046Z level=WARN msg="spawned monster type not found in registry; falling back to default Rat attributes" name=Bluebeak
canary-go-server  | time=2026-07-23T23:59:14.046Z level=WARN msg="spawned monster type not found in registry; falling back to default Rat attributes" name=Bluebeak
canary-go-server  | time=2026-07-23T23:59:14.046Z level=WARN msg="spawned monster type not found in registry; falling back to default Rat attributes" name="Lion Hydra"
canary-go-server  | time=2026-07-23T23:59:14.046Z level=WARN msg="spawned monster type not found in registry; falling back to default Rat attributes" name=Bluebeak
canary-go-server  | time=2026-07-23T23:59:14.046Z level=WARN msg="spawned monster type not found in registry; falling back to default Rat attributes" name="Lion Hydra"
canary-go-server  | time=2026-07-23T23:59:14.046Z level=WARN msg="spawned monster type not found in registry; falling back to default Rat attributes" name="Lion Hydra"
canary-go-server  | time=2026-07-23T23:59:14.046Z level=WARN msg="spawned monster type not found in registry; falling back to default Rat attributes" name="Lion Hydra"
canary-go-server  | time=2026-07-23T23:59:14.046Z level=WARN msg="spawned monster type not found in registry; falling back to default Rat attributes" name="Lion Hydra"
canary-go-server  | time=2026-07-23T23:59:14.046Z level=WARN msg="spawned monster type not found in registry; falling back to default Rat attributes" name=Bluebeak
canary-go-server  | time=2026-07-23T23:59:14.046Z level=WARN msg="spawned monster type not found in registry; falling back to default Rat attributes" name=Bluebeak
canary-go-server  | time=2026-07-23T23:59:14.046Z level=WARN msg="spawned monster type not found in registry; falling back to default Rat attributes" name="Lion Hydra"
canary-go-server  | time=2026-07-23T23:59:14.046Z level=WARN msg="spawned monster type not found in registry; falling back to default Rat attributes" name="Lion Hydra"
canary-go-server  | time=2026-07-23T23:59:14.046Z level=WARN msg="spawned monster type not found in registry; falling back to default Rat attributes" name=Bluebeak
canary-go-server  | time=2026-07-23T23:59:14.046Z level=WARN msg="spawned monster type not found in registry; falling back to default Rat attributes" name="Lion Hydra"
canary-go-server  | time=2026-07-23T23:59:14.046Z level=WARN msg="spawned monster type not found in registry; falling back to default Rat attributes" name=Bluebeak
canary-go-server  | time=2026-07-23T23:59:14.046Z level=WARN msg="spawned monster type not found in registry; falling back to default Rat attributes" name="Lion Hydra"
canary-go-server  | time=2026-07-23T23:59:14.046Z level=WARN msg="spawned monster type not found in registry; falling back to default Rat attributes" name="Lion Hydra"
canary-go-server  | time=2026-07-23T23:59:14.046Z level=WARN msg="spawned monster type not found in registry; falling back to default Rat attributes" name="Lion Hydra"
canary-go-server  | time=2026-07-23T23:59:14.046Z level=WARN msg="spawned monster type not found in registry; falling back to default Rat attributes" name="Lion Hydra"
canary-go-server  | time=2026-07-23T23:59:14.046Z level=WARN msg="spawned monster type not found in registry; falling back to default Rat attributes" name="Lion Hydra"
canary-go-server  | time=2026-07-23T23:59:14.046Z level=WARN msg="spawned monster type not found in registry; falling back to default Rat attributes" name="Lion Hydra"
canary-go-server  | time=2026-07-23T23:59:14.046Z level=WARN msg="spawned monster type not found in registry; falling back to default Rat attributes" name="Lion Hydra"
canary-go-server  | time=2026-07-23T23:59:14.046Z level=WARN msg="spawned monster type not found in registry; falling back to default Rat attributes" name="Lion Hydra"
canary-go-server  | time=2026-07-23T23:59:14.046Z level=WARN msg="spawned monster type not found in registry; falling back to default Rat attributes" name="Lion Hydra"
canary-go-server  | time=2026-07-23T23:59:14.046Z level=WARN msg="spawned monster type not found in registry; falling back to default Rat attributes" name="Lion Hydra"
canary-go-server  | time=2026-07-23T23:59:14.046Z level=WARN msg="spawned monster type not found in registry; falling back to default Rat attributes" name="Lion Hydra"
canary-go-server  | time=2026-07-23T23:59:14.046Z level=WARN msg="spawned monster type not found in registry; falling back to default Rat attributes" name="Lion Hydra"
canary-go-server  | time=2026-07-23T23:59:14.046Z level=WARN msg="spawned monster type not found in registry; falling back to default Rat attributes" name=Bluebeak
canary-go-server  | time=2026-07-23T23:59:14.046Z level=WARN msg="spawned monster type not found in registry; falling back to default Rat attributes" name=Bluebeak
canary-go-server  | time=2026-07-23T23:59:14.046Z level=WARN msg="spawned monster type not found in registry; falling back to default Rat attributes" name="Lion Hydra"
canary-go-server  | time=2026-07-23T23:59:14.046Z level=WARN msg="spawned monster type not found in registry; falling back to default Rat attributes" name=Bluebeak
canary-go-server  | time=2026-07-23T23:59:14.046Z level=WARN msg="spawned monster type not found in registry; falling back to default Rat attributes" name="Lion Hydra"
canary-go-server  | time=2026-07-23T23:59:14.046Z level=WARN msg="spawned monster type not found in registry; falling back to default Rat attributes" name=Bluebeak
canary-go-server  | time=2026-07-23T23:59:14.046Z level=WARN msg="spawned monster type not found in registry; falling back to default Rat attributes" name=Bluebeak
canary-go-server  | time=2026-07-23T23:59:14.046Z level=WARN msg="spawned monster type not found in registry; falling back to default Rat attributes" name=Bluebeak
canary-go-server  | time=2026-07-23T23:59:14.046Z level=WARN msg="spawned monster type not found in registry; falling back to default Rat attributes" name=Bluebeak
canary-go-server  | time=2026-07-23T23:59:14.046Z level=WARN msg="spawned monster type not found in registry; falling back to default Rat attributes" name=Bluebeak
canary-go-server  | time=2026-07-23T23:59:14.046Z level=WARN msg="spawned monster type not found in registry; falling back to default Rat attributes" name=Bluebeak
canary-go-server  | time=2026-07-23T23:59:14.046Z level=WARN msg="spawned monster type not found in registry; falling back to default Rat attributes" name="Lion Hydra"
canary-go-server  | time=2026-07-23T23:59:14.046Z level=WARN msg="spawned monster type not found in registry; falling back to default Rat attributes" name="Lion Hydra"
canary-go-server  | time=2026-07-23T23:59:14.046Z level=WARN msg="spawned monster type not found in registry; falling back to default Rat attributes" name="Lion Hydra"
canary-go-server  | time=2026-07-23T23:59:14.046Z level=WARN msg="spawned monster type not found in registry; falling back to default Rat attributes" name=Bluebeak
canary-go-server  | time=2026-07-23T23:59:14.046Z level=WARN msg="spawned monster type not found in registry; falling back to default Rat attributes" name=Bluebeak
canary-go-server  | time=2026-07-23T23:59:14.046Z level=WARN msg="spawned monster type not found in registry; falling back to default Rat attributes" name="Lion Hydra"
canary-go-server  | time=2026-07-23T23:59:14.046Z level=WARN msg="spawned monster type not found in registry; falling back to default Rat attributes" name="Lion Hydra"
canary-go-server  | time=2026-07-23T23:59:14.047Z level=WARN msg="spawned monster type not found in registry; falling back to default Rat attributes" name="Lion Hydra"
canary-go-server  | time=2026-07-23T23:59:14.047Z level=WARN msg="spawned monster type not found in registry; falling back to default Rat attributes" name=Bluebeak
canary-go-server  | time=2026-07-23T23:59:14.047Z level=WARN msg="spawned monster type not found in registry; falling back to default Rat attributes" name=Bluebeak
canary-go-server  | time=2026-07-23T23:59:14.047Z level=WARN msg="spawned monster type not found in registry; falling back to default Rat attributes" name=Bluebeak
canary-go-server  | time=2026-07-23T23:59:14.047Z level=WARN msg="spawned monster type not found in registry; falling back to default Rat attributes" name="Lion Hydra"
canary-go-server  | time=2026-07-23T23:59:14.047Z level=WARN msg="spawned monster type not found in registry; falling back to default Rat attributes" name="Lion Hydra"
canary-go-server  | time=2026-07-23T23:59:14.047Z level=WARN msg="spawned monster type not found in registry; falling back to default Rat attributes" name=Bluebeak
canary-go-server  | time=2026-07-23T23:59:14.047Z level=WARN msg="spawned monster type not found in registry; falling back to default Rat attributes" name="Lion Hydra"
canary-go-server  | time=2026-07-23T23:59:14.047Z level=WARN msg="spawned monster type not found in registry; falling back to default Rat attributes" name=Bluebeak
canary-go-server  | time=2026-07-23T23:59:14.047Z level=WARN msg="spawned monster type not found in registry; falling back to default Rat attributes" name=Bluebeak
canary-go-server  | time=2026-07-23T23:59:14.047Z level=WARN msg="spawned monster type not found in registry; falling back to default Rat attributes" name="Lion Hydra"
canary-go-server  | time=2026-07-23T23:59:14.047Z level=WARN msg="spawned monster type not found in registry; falling back to default Rat attributes" name=Bluebeak
canary-go-server  | time=2026-07-23T23:59:14.047Z level=WARN msg="spawned monster type not found in registry; falling back to default Rat attributes" name="Lion Hydra"
canary-go-server  | time=2026-07-23T23:59:14.047Z level=WARN msg="spawned monster type not found in registry; falling back to default Rat attributes" name=Bluebeak
canary-go-server  | time=2026-07-23T23:59:14.047Z level=WARN msg="spawned monster type not found in registry; falling back to default Rat attributes" name="Lion Hydra"
canary-go-server  | time=2026-07-23T23:59:14.047Z level=WARN msg="spawned monster type not found in registry; falling back to default Rat attributes" name="Lion Hydra"
canary-go-server  | time=2026-07-23T23:59:14.047Z level=WARN msg="spawned monster type not found in registry; falling back to default Rat attributes" name=Bluebeak
canary-go-server  | time=2026-07-23T23:59:14.047Z level=WARN msg="spawned monster type not found in registry; falling back to default Rat attributes" name="Lion Hydra"
canary-go-server  | time=2026-07-23T23:59:14.047Z level=WARN msg="spawned monster type not found in registry; falling back to default Rat attributes" name=Bluebeak
canary-go-server  | time=2026-07-23T23:59:14.047Z level=WARN msg="spawned monster type not found in registry; falling back to default Rat attributes" name="Lion Hydra"
canary-go-server  | time=2026-07-23T23:59:14.047Z level=WARN msg="spawned monster type not found in registry; falling back to default Rat attributes" name="Lion Hydra"
canary-go-server  | time=2026-07-23T23:59:14.047Z level=WARN msg="spawned monster type not found in registry; falling back to default Rat attributes" name=Bluebeak
canary-go-server  | time=2026-07-23T23:59:14.047Z level=WARN msg="spawned monster type not found in registry; falling back to default Rat attributes" name="Lion Hydra"
canary-go-server  | time=2026-07-23T23:59:14.047Z level=WARN msg="spawned monster type not found in registry; falling back to default Rat attributes" name="Lion Hydra"
canary-go-server  | time=2026-07-23T23:59:14.047Z level=WARN msg="spawned monster type not found in registry; falling back to default Rat attributes" name=Bluebeak
canary-go-server  | time=2026-07-23T23:59:14.047Z level=WARN msg="spawned monster type not found in registry; falling back to default Rat attributes" name="Lion Hydra"
canary-go-server  | time=2026-07-23T23:59:14.047Z level=WARN msg="spawned monster type not found in registry; falling back to default Rat attributes" name=Bluebeak
canary-go-server  | time=2026-07-23T23:59:14.047Z level=WARN msg="spawned monster type not found in registry; falling back to default Rat attributes" name="Lion Hydra"
canary-go-server  | time=2026-07-23T23:59:14.047Z level=WARN msg="spawned monster type not found in registry; falling back to default Rat attributes" name="Lion Hydra"
canary-go-server  | time=2026-07-23T23:59:14.047Z level=WARN msg="spawned monster type not found in registry; falling back to default Rat attributes" name="Lion Hydra"
canary-go-server  | time=2026-07-23T23:59:14.047Z level=WARN msg="spawned monster type not found in registry; falling back to default Rat attributes" name="Lion Hydra"
canary-go-server  | time=2026-07-23T23:59:14.047Z level=WARN msg="spawned monster type not found in registry; falling back to default Rat attributes" name="Lion Hydra"
canary-go-server  | time=2026-07-23T23:59:14.047Z level=WARN msg="spawned monster type not found in registry; falling back to default Rat attributes" name=Bluebeak
canary-go-server  | time=2026-07-23T23:59:14.047Z level=WARN msg="spawned monster type not found in registry; falling back to default Rat attributes" name=Bluebeak
canary-go-server  | time=2026-07-23T23:59:14.047Z level=WARN msg="spawned monster type not found in registry; falling back to default Rat attributes" name="Lion Hydra"
canary-go-server  | time=2026-07-23T23:59:14.047Z level=WARN msg="spawned monster type not found in registry; falling back to default Rat attributes" name=Bluebeak
canary-go-server  | time=2026-07-23T23:59:14.047Z level=WARN msg="spawned monster type not found in registry; falling back to default Rat attributes" name=Bluebeak
canary-go-server  | time=2026-07-23T23:59:14.047Z level=WARN msg="spawned monster type not found in registry; falling back to default Rat attributes" name=Bluebeak
canary-go-server  | time=2026-07-23T23:59:14.047Z level=WARN msg="spawned monster type not found in registry; falling back to default Rat attributes" name=Bluebeak
canary-go-server  | time=2026-07-23T23:59:14.047Z level=WARN msg="spawned monster type not found in registry; falling back to default Rat attributes" name=Bluebeak
canary-go-server  | time=2026-07-23T23:59:14.047Z level=WARN msg="spawned monster type not found in registry; falling back to default Rat attributes" name="Lion Hydra"
canary-go-server  | time=2026-07-23T23:59:14.047Z level=WARN msg="spawned monster type not found in registry; falling back to default Rat attributes" name=Bluebeak
canary-go-server  | time=2026-07-23T23:59:14.047Z level=WARN msg="spawned monster type not found in registry; falling back to default Rat attributes" name=Bluebeak
canary-go-server  | time=2026-07-23T23:59:14.047Z level=WARN msg="spawned monster type not found in registry; falling back to default Rat attributes" name="Lion Hydra"
canary-go-server  | time=2026-07-23T23:59:14.047Z level=WARN msg="spawned monster type not found in registry; falling back to default Rat attributes" name="Lion Hydra"
canary-go-server  | time=2026-07-23T23:59:14.047Z level=WARN msg="spawned monster type not found in registry; falling back to default Rat attributes" name=Bluebeak
canary-go-server  | time=2026-07-23T23:59:14.047Z level=WARN msg="spawned monster type not found in registry; falling back to default Rat attributes" name=Bluebeak
canary-go-server  | time=2026-07-23T23:59:14.047Z level=WARN msg="spawned monster type not found in registry; falling back to default Rat attributes" name="Lion Hydra"
canary-go-server  | time=2026-07-23T23:59:14.047Z level=WARN msg="spawned monster type not found in registry; falling back to default Rat attributes" name="Lion Hydra"
canary-go-server  | time=2026-07-23T23:59:14.047Z level=WARN msg="spawned monster type not found in registry; falling back to default Rat attributes" name="Lion Hydra"
canary-go-server  | time=2026-07-23T23:59:14.047Z level=WARN msg="spawned monster type not found in registry; falling back to default Rat attributes" name=Bluebeak
canary-go-server  | time=2026-07-23T23:59:14.047Z level=WARN msg="spawned monster type not found in registry; falling back to default Rat attributes" name=Bluebeak
canary-go-server  | time=2026-07-23T23:59:14.047Z level=WARN msg="spawned monster type not found in registry; falling back to default Rat attributes" name=Bluebeak
canary-go-server  | time=2026-07-23T23:59:14.048Z level=WARN msg="spawned monster type not found in registry; falling back to default Rat attributes" name="Lion Hydra"
canary-go-server  | time=2026-07-23T23:59:14.048Z level=WARN msg="spawned monster type not found in registry; falling back to default Rat attributes" name="Lion Hydra"
canary-go-server  | time=2026-07-23T23:59:14.048Z level=WARN msg="spawned monster type not found in registry; falling back to default Rat attributes" name="Lion Hydra"
canary-go-server  | time=2026-07-23T23:59:14.048Z level=WARN msg="spawned monster type not found in registry; falling back to default Rat attributes" name="Lion Hydra"
canary-go-server  | time=2026-07-23T23:59:14.048Z level=WARN msg="spawned monster type not found in registry; falling back to default Rat attributes" name="Lion Hydra"
canary-go-server  | time=2026-07-23T23:59:14.048Z level=WARN msg="spawned monster type not found in registry; falling back to default Rat attributes" name="Lion Hydra"
canary-go-server  | time=2026-07-23T23:59:14.048Z level=WARN msg="spawned monster type not found in registry; falling back to default Rat attributes" name="Lion Hydra"
canary-go-server  | time=2026-07-23T23:59:14.048Z level=WARN msg="spawned monster type not found in registry; falling back to default Rat attributes" name="Lion Hydra"
canary-go-server  | time=2026-07-23T23:59:14.048Z level=WARN msg="spawned monster type not found in registry; falling back to default Rat attributes" name=Bluebeak
canary-go-server  | time=2026-07-23T23:59:14.048Z level=WARN msg="spawned monster type not found in registry; falling back to default Rat attributes" name=Bluebeak
canary-go-server  | time=2026-07-23T23:59:14.048Z level=WARN msg="spawned monster type not found in registry; falling back to default Rat attributes" name=Bluebeak
canary-go-server  | time=2026-07-23T23:59:14.048Z level=WARN msg="spawned monster type not found in registry; falling back to default Rat attributes" name=Bluebeak
canary-go-server  | time=2026-07-23T23:59:14.048Z level=WARN msg="spawned monster type not found in registry; falling back to default Rat attributes" name=Bluebeak
canary-go-server  | time=2026-07-23T23:59:14.048Z level=WARN msg="spawned monster type not found in registry; falling back to default Rat attributes" name="Lion Hydra"
canary-go-server  | time=2026-07-23T23:59:14.048Z level=WARN msg="spawned monster type not found in registry; falling back to default Rat attributes" name=Bluebeak
canary-go-server  | time=2026-07-23T23:59:14.048Z level=WARN msg="spawned monster type not found in registry; falling back to default Rat attributes" name="Lion Hydra"
canary-go-server  | time=2026-07-23T23:59:14.048Z level=WARN msg="spawned monster type not found in registry; falling back to default Rat attributes" name=Bluebeak
canary-go-server  | time=2026-07-23T23:59:14.048Z level=WARN msg="spawned monster type not found in registry; falling back to default Rat attributes" name=Bluebeak
canary-go-server  | time=2026-07-23T23:59:14.048Z level=WARN msg="spawned monster type not found in registry; falling back to default Rat attributes" name="Lion Hydra"
canary-go-server  | time=2026-07-23T23:59:14.048Z level=WARN msg="spawned monster type not found in registry; falling back to default Rat attributes" name=Bluebeak
canary-go-server  | time=2026-07-23T23:59:14.048Z level=WARN msg="spawned monster type not found in registry; falling back to default Rat attributes" name="Lion Hydra"
canary-go-server  | time=2026-07-23T23:59:14.048Z level=WARN msg="spawned monster type not found in registry; falling back to default Rat attributes" name=Bluebeak
canary-go-server  | time=2026-07-23T23:59:14.048Z level=WARN msg="spawned monster type not found in registry; falling back to default Rat attributes" name="Lion Hydra"
canary-go-server  | time=2026-07-23T23:59:14.048Z level=WARN msg="spawned monster type not found in registry; falling back to default Rat attributes" name=Bluebeak
canary-go-server  | time=2026-07-23T23:59:14.048Z level=WARN msg="spawned monster type not found in registry; falling back to default Rat attributes" name="Lion Hydra"
canary-go-server  | time=2026-07-23T23:59:14.048Z level=WARN msg="spawned monster type not found in registry; falling back to default Rat attributes" name=Bluebeak
canary-go-server  | time=2026-07-23T23:59:14.048Z level=WARN msg="spawned monster type not found in registry; falling back to default Rat attributes" name=Bluebeak
canary-go-server  | time=2026-07-23T23:59:14.048Z level=WARN msg="spawned monster type not found in registry; falling back to default Rat attributes" name="Lion Hydra"
canary-go-server  | time=2026-07-23T23:59:14.048Z level=WARN msg="spawned monster type not found in registry; falling back to default Rat attributes" name=Bluebeak
canary-go-server  | time=2026-07-23T23:59:14.049Z level=WARN msg="spawned monster type not found in registry; falling back to default Rat attributes" name=Bluebeak
canary-go-server  | time=2026-07-23T23:59:14.049Z level=WARN msg="spawned monster type not found in registry; falling back to default Rat attributes" name=Bluebeak
canary-go-server  | time=2026-07-23T23:59:14.049Z level=WARN msg="spawned monster type not found in registry; falling back to default Rat attributes" name="Lion Hydra"
canary-go-server  | time=2026-07-23T23:59:14.049Z level=WARN msg="spawned monster type not found in registry; falling back to default Rat attributes" name="Lion Hydra"
canary-go-server  | time=2026-07-23T23:59:14.049Z level=WARN msg="spawned monster type not found in registry; falling back to default Rat attributes" name="Lion Hydra"
canary-go-server  | time=2026-07-23T23:59:14.049Z level=WARN msg="spawned monster type not found in registry; falling back to default Rat attributes" name="Lion Hydra"
canary-go-server  | time=2026-07-23T23:59:14.049Z level=WARN msg="spawned monster type not found in registry; falling back to default Rat attributes" name=Bluebeak
canary-go-server  | time=2026-07-23T23:59:14.049Z level=WARN msg="spawned monster type not found in registry; falling back to default Rat attributes" name=Bluebeak
canary-go-server  | time=2026-07-23T23:59:14.049Z level=WARN msg="spawned monster type not found in registry; falling back to default Rat attributes" name=Bluebeak
canary-go-server  | time=2026-07-23T23:59:14.056Z level=WARN msg="spawned monster type not found in registry; falling back to default Rat attributes" name="Gloom Maw"
canary-go-server  | time=2026-07-23T23:59:14.056Z level=WARN msg="spawned monster type not found in registry; falling back to default Rat attributes" name="Dworc Shadowstalker"
canary-go-server  | time=2026-07-23T23:59:14.056Z level=WARN msg="spawned monster type not found in registry; falling back to default Rat attributes" name="Dworc Shadowstalker"
canary-go-server  | time=2026-07-23T23:59:14.056Z level=WARN msg="spawned monster type not found in registry; falling back to default Rat attributes" name="Orclops Bloodbreaker"
canary-go-server  | time=2026-07-23T23:59:14.056Z level=WARN msg="spawned monster type not found in registry; falling back to default Rat attributes" name="Orclops Bloodbreaker"
canary-go-server  | time=2026-07-23T23:59:14.056Z level=WARN msg="spawned monster type not found in registry; falling back to default Rat attributes" name="Gloom Maw"
canary-go-server  | time=2026-07-23T23:59:14.056Z level=WARN msg="spawned monster type not found in registry; falling back to default Rat attributes" name="Dworc Shadowstalker"
canary-go-server  | time=2026-07-23T23:59:14.056Z level=WARN msg="spawned monster type not found in registry; falling back to default Rat attributes" name="Dworc Shadowstalker"
canary-go-server  | time=2026-07-23T23:59:14.056Z level=WARN msg="spawned monster type not found in registry; falling back to default Rat attributes" name="Orclops Bloodbreaker"
canary-go-server  | time=2026-07-23T23:59:14.056Z level=WARN msg="spawned monster type not found in registry; falling back to default Rat attributes" name="Gloom Maw"
canary-go-server  | time=2026-07-23T23:59:14.056Z level=WARN msg="spawned monster type not found in registry; falling back to default Rat attributes" name="Dworc Shadowstalker"
canary-go-server  | time=2026-07-23T23:59:14.056Z level=WARN msg="spawned monster type not found in registry; falling back to default Rat attributes" name="Orclops Bloodbreaker"
canary-go-server  | time=2026-07-23T23:59:14.056Z level=WARN msg="spawned monster type not found in registry; falling back to default Rat attributes" name="Orclops Bloodbreaker"
canary-go-server  | time=2026-07-23T23:59:14.056Z level=WARN msg="spawned monster type not found in registry; falling back to default Rat attributes" name="Orclops Bloodbreaker"
canary-go-server  | time=2026-07-23T23:59:14.056Z level=WARN msg="spawned monster type not found in registry; falling back to default Rat attributes" name="Orclops Bloodbreaker"
canary-go-server  | time=2026-07-23T23:59:14.056Z level=WARN msg="spawned monster type not found in registry; falling back to default Rat attributes" name="Dworc Shadowstalker"
canary-go-server  | time=2026-07-23T23:59:14.056Z level=WARN msg="spawned monster type not found in registry; falling back to default Rat attributes" name="Orclops Bloodbreaker"
canary-go-server  | time=2026-07-23T23:59:14.056Z level=WARN msg="spawned monster type not found in registry; falling back to default Rat attributes" name="Dworc Shadowstalker"
canary-go-server  | time=2026-07-23T23:59:14.056Z level=WARN msg="spawned monster type not found in registry; falling back to default Rat attributes" name="Gloom Maw"
canary-go-server  | time=2026-07-23T23:59:14.056Z level=WARN msg="spawned monster type not found in registry; falling back to default Rat attributes" name="Orclops Bloodbreaker"
canary-go-server  | time=2026-07-23T23:59:14.056Z level=WARN msg="spawned monster type not found in registry; falling back to default Rat attributes" name="Norcferatu Heartless"
canary-go-server  | time=2026-07-23T23:59:14.056Z level=WARN msg="spawned monster type not found in registry; falling back to default Rat attributes" name="Orclops Bloodbreaker"
canary-go-server  | time=2026-07-23T23:59:14.056Z level=WARN msg="spawned monster type not found in registry; falling back to default Rat attributes" name="Dworc Shadowstalker"
canary-go-server  | time=2026-07-23T23:59:14.056Z level=WARN msg="spawned monster type not found in registry; falling back to default Rat attributes" name="Norcferatu Nightweaver"
canary-go-server  | time=2026-07-23T23:59:14.056Z level=WARN msg="spawned monster type not found in registry; falling back to default Rat attributes" name="Norcferatu Heartless"
canary-go-server  | time=2026-07-23T23:59:14.056Z level=WARN msg="spawned monster type not found in registry; falling back to default Rat attributes" name="Orclops Bloodbreaker"
canary-go-server  | time=2026-07-23T23:59:14.056Z level=WARN msg="spawned monster type not found in registry; falling back to default Rat attributes" name=Varg
canary-go-server  | time=2026-07-23T23:59:14.056Z level=WARN msg="spawned monster type not found in registry; falling back to default Rat attributes" name=Varg
canary-go-server  | time=2026-07-23T23:59:14.056Z level=WARN msg="spawned monster type not found in registry; falling back to default Rat attributes" name="Gloom Maw"
canary-go-server  | time=2026-07-23T23:59:14.056Z level=WARN msg="spawned monster type not found in registry; falling back to default Rat attributes" name="Dworc Shadowstalker"
canary-go-server  | time=2026-07-23T23:59:14.056Z level=WARN msg="spawned monster type not found in registry; falling back to default Rat attributes" name="Gloom Maw"
canary-go-server  | time=2026-07-23T23:59:14.056Z level=WARN msg="spawned monster type not found in registry; falling back to default Rat attributes" name="Orclops Bloodbreaker"
canary-go-server  | time=2026-07-23T23:59:14.056Z level=WARN msg="spawned monster type not found in registry; falling back to default Rat attributes" name="Orclops Bloodbreaker"
canary-go-server  | time=2026-07-23T23:59:14.056Z level=WARN msg="spawned monster type not found in registry; falling back to default Rat attributes" name="Norcferatu Nightweaver"
canary-go-server  | time=2026-07-23T23:59:14.056Z level=WARN msg="spawned monster type not found in registry; falling back to default Rat attributes" name="Dworc Shadowstalker"
canary-go-server  | time=2026-07-23T23:59:14.056Z level=WARN msg="spawned monster type not found in registry; falling back to default Rat attributes" name="Gloom Maw"
canary-go-server  | time=2026-07-23T23:59:14.056Z level=WARN msg="spawned monster type not found in registry; falling back to default Rat attributes" name="Dworc Shadowstalker"
canary-go-server  | time=2026-07-23T23:59:14.056Z level=WARN msg="spawned monster type not found in registry; falling back to default Rat attributes" name="Gloom Maw"
canary-go-server  | time=2026-07-23T23:59:14.056Z level=WARN msg="spawned monster type not found in registry; falling back to default Rat attributes" name="Gloom Maw"
canary-go-server  | time=2026-07-23T23:59:14.056Z level=WARN msg="spawned monster type not found in registry; falling back to default Rat attributes" name="Orclops Bloodbreaker"
canary-go-server  | time=2026-07-23T23:59:14.056Z level=WARN msg="spawned monster type not found in registry; falling back to default Rat attributes" name="Gloom Maw"
canary-go-server  | time=2026-07-23T23:59:14.056Z level=WARN msg="spawned monster type not found in registry; falling back to default Rat attributes" name="Gloom Maw"
canary-go-server  | time=2026-07-23T23:59:14.056Z level=WARN msg="spawned monster type not found in registry; falling back to default Rat attributes" name="Orclops Bloodbreaker"
canary-go-server  | time=2026-07-23T23:59:14.056Z level=WARN msg="spawned monster type not found in registry; falling back to default Rat attributes" name="Dworc Shadowstalker"
canary-go-server  | time=2026-07-23T23:59:14.056Z level=WARN msg="spawned monster type not found in registry; falling back to default Rat attributes" name="Orclops Bloodbreaker"
canary-go-server  | time=2026-07-23T23:59:14.056Z level=WARN msg="spawned monster type not found in registry; falling back to default Rat attributes" name="Dworc Shadowstalker"
canary-go-server  | time=2026-07-23T23:59:14.056Z level=WARN msg="spawned monster type not found in registry; falling back to default Rat attributes" name="Norcferatu Heartless"
canary-go-server  | time=2026-07-23T23:59:14.056Z level=WARN msg="spawned monster type not found in registry; falling back to default Rat attributes" name="Orclops Bloodbreaker"
canary-go-server  | time=2026-07-23T23:59:14.056Z level=WARN msg="spawned monster type not found in registry; falling back to default Rat attributes" name="Dworc Shadowstalker"
canary-go-server  | time=2026-07-23T23:59:14.056Z level=WARN msg="spawned monster type not found in registry; falling back to default Rat attributes" name="Dworc Shadowstalker"
canary-go-server  | time=2026-07-23T23:59:14.056Z level=WARN msg="spawned monster type not found in registry; falling back to default Rat attributes" name="Orclops Bloodbreaker"
canary-go-server  | time=2026-07-23T23:59:14.056Z level=WARN msg="spawned monster type not found in registry; falling back to default Rat attributes" name="Norcferatu Heartless"
canary-go-server  | time=2026-07-23T23:59:14.056Z level=WARN msg="spawned monster type not found in registry; falling back to default Rat attributes" name="Dworc Shadowstalker"
canary-go-server  | time=2026-07-23T23:59:14.056Z level=WARN msg="spawned monster type not found in registry; falling back to default Rat attributes" name="Norcferatu Nightweaver"
canary-go-server  | time=2026-07-23T23:59:14.056Z level=WARN msg="spawned monster type not found in registry; falling back to default Rat attributes" name="Dworc Shadowstalker"
canary-go-server  | time=2026-07-23T23:59:14.056Z level=WARN msg="spawned monster type not found in registry; falling back to default Rat attributes" name="Orclops Bloodbreaker"
canary-go-server  | time=2026-07-23T23:59:14.056Z level=WARN msg="spawned monster type not found in registry; falling back to default Rat attributes" name="Dworc Shadowstalker"
canary-go-server  | time=2026-07-23T23:59:14.056Z level=WARN msg="spawned monster type not found in registry; falling back to default Rat attributes" name="Dworc Shadowstalker"
canary-go-server  | time=2026-07-23T23:59:14.056Z level=WARN msg="spawned monster type not found in registry; falling back to default Rat attributes" name="Norcferatu Nightweaver"
canary-go-server  | time=2026-07-23T23:59:14.056Z level=WARN msg="spawned monster type not found in registry; falling back to default Rat attributes" name="Orclops Bloodbreaker"
canary-go-server  | time=2026-07-23T23:59:14.056Z level=WARN msg="spawned monster type not found in registry; falling back to default Rat attributes" name="Dworc Shadowstalker"
canary-go-server  | time=2026-07-23T23:59:14.056Z level=WARN msg="spawned monster type not found in registry; falling back to default Rat attributes" name="Dworc Shadowstalker"
canary-go-server  | time=2026-07-23T23:59:14.056Z level=WARN msg="spawned monster type not found in registry; falling back to default Rat attributes" name="Dworc Shadowstalker"
canary-go-server  | time=2026-07-23T23:59:14.056Z level=WARN msg="spawned monster type not found in registry; falling back to default Rat attributes" name="Gloom Maw"
canary-go-server  | time=2026-07-23T23:59:14.056Z level=WARN msg="spawned monster type not found in registry; falling back to default Rat attributes" name="Norcferatu Nightweaver"
canary-go-server  | time=2026-07-23T23:59:14.056Z level=WARN msg="spawned monster type not found in registry; falling back to default Rat attributes" name="Gloom Maw"
canary-go-server  | time=2026-07-23T23:59:14.056Z level=WARN msg="spawned monster type not found in registry; falling back to default Rat attributes" name="Gloom Maw"
canary-go-server  | time=2026-07-23T23:59:14.056Z level=WARN msg="spawned monster type not found in registry; falling back to default Rat attributes" name="Dworc Shadowstalker"
canary-go-server  | time=2026-07-23T23:59:14.056Z level=WARN msg="spawned monster type not found in registry; falling back to default Rat attributes" name="Dworc Shadowstalker"
canary-go-server  | time=2026-07-23T23:59:14.056Z level=WARN msg="spawned monster type not found in registry; falling back to default Rat attributes" name="Gloom Maw"
canary-go-server  | time=2026-07-23T23:59:14.057Z level=WARN msg="spawned monster type not found in registry; falling back to default Rat attributes" name="Dworc Shadowstalker"
canary-go-server  | time=2026-07-23T23:59:14.057Z level=WARN msg="spawned monster type not found in registry; falling back to default Rat attributes" name="Orclops Bloodbreaker"
canary-go-server  | time=2026-07-23T23:59:14.057Z level=WARN msg="spawned monster type not found in registry; falling back to default Rat attributes" name="Orclops Bloodbreaker"
canary-go-server  | time=2026-07-23T23:59:14.057Z level=WARN msg="spawned monster type not found in registry; falling back to default Rat attributes" name="Gloom Maw"
canary-go-server  | time=2026-07-23T23:59:14.057Z level=WARN msg="spawned monster type not found in registry; falling back to default Rat attributes" name="Dworc Shadowstalker"
canary-go-server  | time=2026-07-23T23:59:14.057Z level=WARN msg="spawned monster type not found in registry; falling back to default Rat attributes" name="Dworc Shadowstalker"
canary-go-server  | time=2026-07-23T23:59:14.057Z level=WARN msg="spawned monster type not found in registry; falling back to default Rat attributes" name="Norcferatu Nightweaver"
canary-go-server  | time=2026-07-23T23:59:14.057Z level=WARN msg="spawned monster type not found in registry; falling back to default Rat attributes" name="Gloom Maw"
canary-go-server  | time=2026-07-23T23:59:14.057Z level=WARN msg="spawned monster type not found in registry; falling back to default Rat attributes" name="Orclops Bloodbreaker"
canary-go-server  | time=2026-07-23T23:59:14.057Z level=WARN msg="spawned monster type not found in registry; falling back to default Rat attributes" name="Orclops Bloodbreaker"
canary-go-server  | time=2026-07-23T23:59:14.057Z level=WARN msg="spawned monster type not found in registry; falling back to default Rat attributes" name="Dworc Shadowstalker"
canary-go-server  | time=2026-07-23T23:59:14.057Z level=WARN msg="spawned monster type not found in registry; falling back to default Rat attributes" name=Varg
canary-go-server  | time=2026-07-23T23:59:14.057Z level=WARN msg="spawned monster type not found in registry; falling back to default Rat attributes" name="Norcferatu Nightweaver"
canary-go-server  | time=2026-07-23T23:59:14.057Z level=WARN msg="spawned monster type not found in registry; falling back to default Rat attributes" name="Gloom Maw"
canary-go-server  | time=2026-07-23T23:59:14.062Z level=WARN msg="spawned monster type not found in registry; falling back to default Rat attributes" name=Crusader
canary-go-server  | time=2026-07-23T23:59:14.063Z level=WARN msg="spawned monster type not found in registry; falling back to default Rat attributes" name=Headwalker
canary-go-server  | time=2026-07-23T23:59:14.063Z level=WARN msg="spawned monster type not found in registry; falling back to default Rat attributes" name=Crusader
canary-go-server  | time=2026-07-23T23:59:14.063Z level=WARN msg="spawned monster type not found in registry; falling back to default Rat attributes" name=Headwalker
canary-go-server  | time=2026-07-23T23:59:14.063Z level=WARN msg="spawned monster type not found in registry; falling back to default Rat attributes" name=Crusader
canary-go-server  | time=2026-07-23T23:59:14.063Z level=WARN msg="spawned monster type not found in registry; falling back to default Rat attributes" name=Headwalker
canary-go-server  | time=2026-07-23T23:59:14.063Z level=WARN msg="spawned monster type not found in registry; falling back to default Rat attributes" name=Headwalker
canary-go-server  | time=2026-07-23T23:59:14.063Z level=WARN msg="spawned monster type not found in registry; falling back to default Rat attributes" name=Crusader
canary-go-server  | time=2026-07-23T23:59:14.063Z level=WARN msg="spawned monster type not found in registry; falling back to default Rat attributes" name=Headwalker
canary-go-server  | time=2026-07-23T23:59:14.063Z level=WARN msg="spawned monster type not found in registry; falling back to default Rat attributes" name=Headwalker
canary-go-server  | time=2026-07-23T23:59:14.063Z level=WARN msg="spawned monster type not found in registry; falling back to default Rat attributes" name=Headwalker
canary-go-server  | time=2026-07-23T23:59:14.063Z level=WARN msg="spawned monster type not found in registry; falling back to default Rat attributes" name=Crusader
canary-go-server  | time=2026-07-23T23:59:14.063Z level=WARN msg="spawned monster type not found in registry; falling back to default Rat attributes" name=Headwalker
canary-go-server  | time=2026-07-23T23:59:14.063Z level=WARN msg="spawned monster type not found in registry; falling back to default Rat attributes" name=Headwalker
canary-go-server  | time=2026-07-23T23:59:14.063Z level=WARN msg="spawned monster type not found in registry; falling back to default Rat attributes" name=Headwalker
canary-go-server  | time=2026-07-23T23:59:14.063Z level=WARN msg="spawned monster type not found in registry; falling back to default Rat attributes" name=Headwalker
canary-go-server  | time=2026-07-23T23:59:14.063Z level=WARN msg="spawned monster type not found in registry; falling back to default Rat attributes" name=Headwalker
canary-go-server  | time=2026-07-23T23:59:14.063Z level=WARN msg="spawned monster type not found in registry; falling back to default Rat attributes" name=Crusader
canary-go-server  | time=2026-07-23T23:59:14.063Z level=WARN msg="spawned monster type not found in registry; falling back to default Rat attributes" name=Crusader
canary-go-server  | time=2026-07-23T23:59:14.063Z level=WARN msg="spawned monster type not found in registry; falling back to default Rat attributes" name=Headwalker
canary-go-server  | time=2026-07-23T23:59:14.063Z level=WARN msg="spawned monster type not found in registry; falling back to default Rat attributes" name=Crusader
canary-go-server  | time=2026-07-23T23:59:14.063Z level=WARN msg="spawned monster type not found in registry; falling back to default Rat attributes" name=Crusader
canary-go-server  | time=2026-07-23T23:59:14.063Z level=WARN msg="spawned monster type not found in registry; falling back to default Rat attributes" name=Crusader
canary-go-server  | time=2026-07-23T23:59:14.063Z level=WARN msg="spawned monster type not found in registry; falling back to default Rat attributes" name=Headwalker
canary-go-server  | time=2026-07-23T23:59:14.063Z level=WARN msg="spawned monster type not found in registry; falling back to default Rat attributes" name=Crusader
canary-go-server  | time=2026-07-23T23:59:14.063Z level=WARN msg="spawned monster type not found in registry; falling back to default Rat attributes" name=Crusader
canary-go-server  | time=2026-07-23T23:59:14.063Z level=WARN msg="spawned monster type not found in registry; falling back to default Rat attributes" name=Crusader
canary-go-server  | time=2026-07-23T23:59:14.063Z level=WARN msg="spawned monster type not found in registry; falling back to default Rat attributes" name=Crusader
canary-go-server  | time=2026-07-23T23:59:14.063Z level=WARN msg="spawned monster type not found in registry; falling back to default Rat attributes" name=Crusader
canary-go-server  | time=2026-07-23T23:59:14.063Z level=WARN msg="spawned monster type not found in registry; falling back to default Rat attributes" name=Crusader
canary-go-server  | time=2026-07-23T23:59:14.063Z level=WARN msg="spawned monster type not found in registry; falling back to default Rat attributes" name=Headwalker
canary-go-server  | time=2026-07-23T23:59:14.063Z level=WARN msg="spawned monster type not found in registry; falling back to default Rat attributes" name=Headwalker
canary-go-server  | time=2026-07-23T23:59:14.063Z level=WARN msg="spawned monster type not found in registry; falling back to default Rat attributes" name=Crusader
canary-go-server  | time=2026-07-23T23:59:14.063Z level=WARN msg="spawned monster type not found in registry; falling back to default Rat attributes" name=Headwalker
canary-go-server  | time=2026-07-23T23:59:14.063Z level=WARN msg="spawned monster type not found in registry; falling back to default Rat attributes" name=Headwalker
canary-go-server  | time=2026-07-23T23:59:14.063Z level=WARN msg="spawned monster type not found in registry; falling back to default Rat attributes" name=Crusader
canary-go-server  | time=2026-07-23T23:59:14.063Z level=WARN msg="spawned monster type not found in registry; falling back to default Rat attributes" name=Headwalker
canary-go-server  | time=2026-07-23T23:59:14.063Z level=WARN msg="spawned monster type not found in registry; falling back to default Rat attributes" name=Crusader
canary-go-server  | time=2026-07-23T23:59:14.063Z level=WARN msg="spawned monster type not found in registry; falling back to default Rat attributes" name=Headwalker
canary-go-server  | time=2026-07-23T23:59:14.063Z level=WARN msg="spawned monster type not found in registry; falling back to default Rat attributes" name=Headwalker
canary-go-server  | time=2026-07-23T23:59:14.063Z level=WARN msg="spawned monster type not found in registry; falling back to default Rat attributes" name=Headwalker
canary-go-server  | time=2026-07-23T23:59:14.063Z level=WARN msg="spawned monster type not found in registry; falling back to default Rat attributes" name=Headwalker
canary-go-server  | time=2026-07-23T23:59:14.063Z level=WARN msg="spawned monster type not found in registry; falling back to default Rat attributes" name=Headwalker
canary-go-server  | time=2026-07-23T23:59:14.063Z level=WARN msg="spawned monster type not found in registry; falling back to default Rat attributes" name=Headwalker
canary-go-server  | time=2026-07-23T23:59:14.063Z level=WARN msg="spawned monster type not found in registry; falling back to default Rat attributes" name=Headwalker
canary-go-server  | time=2026-07-23T23:59:14.063Z level=WARN msg="spawned monster type not found in registry; falling back to default Rat attributes" name=Headwalker
canary-go-server  | time=2026-07-23T23:59:14.063Z level=WARN msg="spawned monster type not found in registry; falling back to default Rat attributes" name=Crusader
canary-go-server  | time=2026-07-23T23:59:14.063Z level=WARN msg="spawned monster type not found in registry; falling back to default Rat attributes" name=Headwalker
canary-go-server  | time=2026-07-23T23:59:14.063Z level=WARN msg="spawned monster type not found in registry; falling back to default Rat attributes" name=Crusader
canary-go-server  | time=2026-07-23T23:59:14.063Z level=WARN msg="spawned monster type not found in registry; falling back to default Rat attributes" name=Crusader
canary-go-server  | time=2026-07-23T23:59:14.063Z level=WARN msg="spawned monster type not found in registry; falling back to default Rat attributes" name=Crusader
canary-go-server  | time=2026-07-23T23:59:14.063Z level=WARN msg="spawned monster type not found in registry; falling back to default Rat attributes" name=Headwalker
canary-go-server  | time=2026-07-23T23:59:14.063Z level=WARN msg="spawned monster type not found in registry; falling back to default Rat attributes" name=Crusader
canary-go-server  | time=2026-07-23T23:59:14.063Z level=WARN msg="spawned monster type not found in registry; falling back to default Rat attributes" name=Crusader
canary-go-server  | time=2026-07-23T23:59:14.063Z level=WARN msg="spawned monster type not found in registry; falling back to default Rat attributes" name=Headwalker
canary-go-server  | time=2026-07-23T23:59:14.063Z level=WARN msg="spawned monster type not found in registry; falling back to default Rat attributes" name=Crusader
canary-go-server  | time=2026-07-23T23:59:14.063Z level=WARN msg="spawned monster type not found in registry; falling back to default Rat attributes" name=Crusader
canary-go-server  | time=2026-07-23T23:59:14.063Z level=WARN msg="spawned monster type not found in registry; falling back to default Rat attributes" name=Headwalker
canary-go-server  | time=2026-07-23T23:59:14.063Z level=WARN msg="spawned monster type not found in registry; falling back to default Rat attributes" name="Crusader Guardian"
canary-go-server  | time=2026-07-23T23:59:14.063Z level=WARN msg="spawned monster type not found in registry; falling back to default Rat attributes" name="Crusader Guardian"
canary-go-server  | time=2026-07-23T23:59:14.063Z level=WARN msg="spawned monster type not found in registry; falling back to default Rat attributes" name="Crusader Guardian"
canary-go-server  | time=2026-07-23T23:59:14.063Z level=WARN msg="spawned monster type not found in registry; falling back to default Rat attributes" name=Crusader
canary-go-server  | time=2026-07-23T23:59:14.063Z level=WARN msg="spawned monster type not found in registry; falling back to default Rat attributes" name=Headwalker
canary-go-server  | time=2026-07-23T23:59:14.063Z level=WARN msg="spawned monster type not found in registry; falling back to default Rat attributes" name=Crusader
canary-go-server  | time=2026-07-23T23:59:14.063Z level=WARN msg="spawned monster type not found in registry; falling back to default Rat attributes" name=Headwalker
canary-go-server  | time=2026-07-23T23:59:14.063Z level=WARN msg="spawned monster type not found in registry; falling back to default Rat attributes" name=Crusader
canary-go-server  | time=2026-07-23T23:59:14.063Z level=WARN msg="spawned monster type not found in registry; falling back to default Rat attributes" name=Crusader
canary-go-server  | time=2026-07-23T23:59:14.063Z level=WARN msg="spawned monster type not found in registry; falling back to default Rat attributes" name=Crusader
canary-go-server  | time=2026-07-23T23:59:14.063Z level=WARN msg="spawned monster type not found in registry; falling back to default Rat attributes" name=Crusader
canary-go-server  | time=2026-07-23T23:59:14.063Z level=WARN msg="spawned monster type not found in registry; falling back to default Rat attributes" name=Crusader
canary-go-server  | time=2026-07-23T23:59:14.063Z level=WARN msg="spawned monster type not found in registry; falling back to default Rat attributes" name=Headwalker
canary-go-server  | time=2026-07-23T23:59:14.063Z level=WARN msg="spawned monster type not found in registry; falling back to default Rat attributes" name=Crusader
canary-go-server  | time=2026-07-23T23:59:14.063Z level=WARN msg="spawned monster type not found in registry; falling back to default Rat attributes" name=Crusader
canary-go-server  | time=2026-07-23T23:59:14.063Z level=WARN msg="spawned monster type not found in registry; falling back to default Rat attributes" name=Headwalker
canary-go-server  | time=2026-07-23T23:59:14.063Z level=WARN msg="spawned monster type not found in registry; falling back to default Rat attributes" name=Crusader
canary-go-server  | time=2026-07-23T23:59:14.063Z level=WARN msg="spawned monster type not found in registry; falling back to default Rat attributes" name=Headwalker
canary-go-server  | time=2026-07-23T23:59:14.064Z level=WARN msg="spawned monster type not found in registry; falling back to default Rat attributes" name=Headwalker
canary-go-server  | time=2026-07-23T23:59:14.064Z level=WARN msg="spawned monster type not found in registry; falling back to default Rat attributes" name="Crusader Guardian"
canary-go-server  | time=2026-07-23T23:59:14.064Z level=WARN msg="spawned monster type not found in registry; falling back to default Rat attributes" name="Crusader Guardian"
canary-go-server  | time=2026-07-23T23:59:14.064Z level=WARN msg="spawned monster type not found in registry; falling back to default Rat attributes" name="Crusader Guardian"
canary-go-server  | time=2026-07-23T23:59:14.064Z level=WARN msg="spawned monster type not found in registry; falling back to default Rat attributes" name="Crusader Guardian"
canary-go-server  | time=2026-07-23T23:59:14.064Z level=WARN msg="spawned monster type not found in registry; falling back to default Rat attributes" name="Crusader Guardian"
canary-go-server  | time=2026-07-23T23:59:14.064Z level=WARN msg="spawned monster type not found in registry; falling back to default Rat attributes" name="Crusader Guardian"
canary-go-server  | time=2026-07-23T23:59:14.064Z level=WARN msg="spawned monster type not found in registry; falling back to default Rat attributes" name=Crusader
canary-go-server  | time=2026-07-23T23:59:14.064Z level=WARN msg="spawned monster type not found in registry; falling back to default Rat attributes" name=Headwalker
canary-go-server  | time=2026-07-23T23:59:14.064Z level=WARN msg="spawned monster type not found in registry; falling back to default Rat attributes" name=Crusader
canary-go-server  | time=2026-07-23T23:59:14.064Z level=WARN msg="spawned monster type not found in registry; falling back to default Rat attributes" name=Crusader
canary-go-server  | time=2026-07-23T23:59:14.064Z level=WARN msg="spawned monster type not found in registry; falling back to default Rat attributes" name=Crusader
canary-go-server  | time=2026-07-23T23:59:14.064Z level=WARN msg="spawned monster type not found in registry; falling back to default Rat attributes" name=Crusader
canary-go-server  | time=2026-07-23T23:59:14.064Z level=WARN msg="spawned monster type not found in registry; falling back to default Rat attributes" name=Headwalker
canary-go-server  | time=2026-07-23T23:59:14.064Z level=WARN msg="spawned monster type not found in registry; falling back to default Rat attributes" name=Headwalker
canary-go-server  | time=2026-07-23T23:59:14.064Z level=WARN msg="spawned monster type not found in registry; falling back to default Rat attributes" name=Headwalker
canary-go-server  | time=2026-07-23T23:59:14.064Z level=WARN msg="spawned monster type not found in registry; falling back to default Rat attributes" name=Headwalker
canary-go-server  | time=2026-07-23T23:59:14.064Z level=WARN msg="spawned monster type not found in registry; falling back to default Rat attributes" name=Headwalker
canary-go-server  | time=2026-07-23T23:59:14.064Z level=WARN msg="spawned monster type not found in registry; falling back to default Rat attributes" name=Headwalker
canary-go-server  | time=2026-07-23T23:59:14.064Z level=WARN msg="spawned monster type not found in registry; falling back to default Rat attributes" name=Headwalker
canary-go-server  | time=2026-07-23T23:59:14.064Z level=WARN msg="spawned monster type not found in registry; falling back to default Rat attributes" name=Crusader
canary-go-server  | time=2026-07-23T23:59:14.064Z level=WARN msg="spawned monster type not found in registry; falling back to default Rat attributes" name=Headwalker
canary-go-server  | time=2026-07-23T23:59:14.064Z level=WARN msg="spawned monster type not found in registry; falling back to default Rat attributes" name=Crusader
canary-go-server  | time=2026-07-23T23:59:14.064Z level=WARN msg="spawned monster type not found in registry; falling back to default Rat attributes" name=Crusader
canary-go-server  | time=2026-07-23T23:59:14.064Z level=WARN msg="spawned monster type not found in registry; falling back to default Rat attributes" name=Headwalker
canary-go-server  | time=2026-07-23T23:59:14.064Z level=WARN msg="spawned monster type not found in registry; falling back to default Rat attributes" name=Crusader
canary-go-server  | time=2026-07-23T23:59:14.064Z level=WARN msg="spawned monster type not found in registry; falling back to default Rat attributes" name=Headwalker
canary-go-server  | time=2026-07-23T23:59:14.064Z level=WARN msg="spawned monster type not found in registry; falling back to default Rat attributes" name=Crusader
canary-go-server  | time=2026-07-23T23:59:14.064Z level=WARN msg="spawned monster type not found in registry; falling back to default Rat attributes" name=Headwalker
canary-go-server  | time=2026-07-23T23:59:14.064Z level=WARN msg="spawned monster type not found in registry; falling back to default Rat attributes" name=Headwalker
canary-go-server  | time=2026-07-23T23:59:14.064Z level=WARN msg="spawned monster type not found in registry; falling back to default Rat attributes" name=Crusader
canary-go-server  | time=2026-07-23T23:59:14.064Z level=WARN msg="spawned monster type not found in registry; falling back to default Rat attributes" name=Crusader
canary-go-server  | time=2026-07-23T23:59:14.064Z level=WARN msg="spawned monster type not found in registry; falling back to default Rat attributes" name=Headwalker
canary-go-server  | time=2026-07-23T23:59:14.064Z level=WARN msg="spawned monster type not found in registry; falling back to default Rat attributes" name=Crusader
canary-go-server  | time=2026-07-23T23:59:14.065Z level=WARN msg="spawned monster type not found in registry; falling back to default Rat attributes" name=Headwalker
canary-go-server  | time=2026-07-23T23:59:14.065Z level=WARN msg="spawned monster type not found in registry; falling back to default Rat attributes" name=Headwalker
canary-go-server  | time=2026-07-23T23:59:14.065Z level=WARN msg="spawned monster type not found in registry; falling back to default Rat attributes" name=Headwalker
canary-go-server  | time=2026-07-23T23:59:14.065Z level=WARN msg="spawned monster type not found in registry; falling back to default Rat attributes" name=Crusader
canary-go-server  | time=2026-07-23T23:59:14.065Z level=WARN msg="spawned monster type not found in registry; falling back to default Rat attributes" name=Headwalker
canary-go-server  | time=2026-07-23T23:59:14.065Z level=WARN msg="spawned monster type not found in registry; falling back to default Rat attributes" name=Crusader
canary-go-server  | time=2026-07-23T23:59:14.065Z level=WARN msg="spawned monster type not found in registry; falling back to default Rat attributes" name=Crusader
canary-go-server  | time=2026-07-23T23:59:14.065Z level=WARN msg="spawned monster type not found in registry; falling back to default Rat attributes" name=Crusader
canary-go-server  | time=2026-07-23T23:59:14.065Z level=WARN msg="spawned monster type not found in registry; falling back to default Rat attributes" name=Crusader
canary-go-server  | time=2026-07-23T23:59:14.065Z level=WARN msg="spawned monster type not found in registry; falling back to default Rat attributes" name=Crusader
canary-go-server  | time=2026-07-23T23:59:14.065Z level=WARN msg="spawned monster type not found in registry; falling back to default Rat attributes" name=Headwalker
canary-go-server  | time=2026-07-23T23:59:14.065Z level=WARN msg="spawned monster type not found in registry; falling back to default Rat attributes" name=Headwalker
canary-go-server  | time=2026-07-23T23:59:14.065Z level=WARN msg="spawned monster type not found in registry; falling back to default Rat attributes" name=Crusader
canary-go-server  | time=2026-07-23T23:59:14.065Z level=WARN msg="spawned monster type not found in registry; falling back to default Rat attributes" name=Crusader
canary-go-server  | time=2026-07-23T23:59:14.065Z level=WARN msg="spawned monster type not found in registry; falling back to default Rat attributes" name=Headwalker
canary-go-server  | time=2026-07-23T23:59:14.065Z level=WARN msg="spawned monster type not found in registry; falling back to default Rat attributes" name=Crusader
canary-go-server  | time=2026-07-23T23:59:14.065Z level=WARN msg="spawned monster type not found in registry; falling back to default Rat attributes" name=Crusader
canary-go-server  | time=2026-07-23T23:59:14.065Z level=WARN msg="spawned monster type not found in registry; falling back to default Rat attributes" name=Headwalker
canary-go-server  | time=2026-07-23T23:59:14.065Z level=WARN msg="spawned monster type not found in registry; falling back to default Rat attributes" name=Crusader
canary-go-server  | time=2026-07-23T23:59:14.065Z level=WARN msg="spawned monster type not found in registry; falling back to default Rat attributes" name=Crusader
canary-go-server  | time=2026-07-23T23:59:14.065Z level=WARN msg="spawned monster type not found in registry; falling back to default Rat attributes" name=Crusader
canary-go-server  | time=2026-07-23T23:59:14.065Z level=WARN msg="spawned monster type not found in registry; falling back to default Rat attributes" name=Crusader
canary-go-server  | time=2026-07-23T23:59:14.065Z level=WARN msg="spawned monster type not found in registry; falling back to default Rat attributes" name=Headwalker
canary-go-server  | time=2026-07-23T23:59:14.065Z level=WARN msg="spawned monster type not found in registry; falling back to default Rat attributes" name=Crusader
canary-go-server  | time=2026-07-23T23:59:14.065Z level=WARN msg="spawned monster type not found in registry; falling back to default Rat attributes" name=Crusader
canary-go-server  | time=2026-07-23T23:59:14.065Z level=WARN msg="spawned monster type not found in registry; falling back to default Rat attributes" name=Headwalker
canary-go-server  | time=2026-07-23T23:59:14.065Z level=WARN msg="spawned monster type not found in registry; falling back to default Rat attributes" name=Crusader
canary-go-server  | time=2026-07-23T23:59:14.065Z level=WARN msg="spawned monster type not found in registry; falling back to default Rat attributes" name=Headwalker
canary-go-server  | time=2026-07-23T23:59:14.087Z level=WARN msg="spawned monster type not found in registry; falling back to default Rat attributes" name="Imp Minion"
canary-go-server  | time=2026-07-23T23:59:14.087Z level=WARN msg="spawned monster type not found in registry; falling back to default Rat attributes" name="Imp Minion"
canary-go-server  | time=2026-07-23T23:59:14.092Z level=WARN msg="spawned monster type not found in registry; falling back to default Rat attributes" name="Norcferatu Minion"
canary-go-server  | time=2026-07-23T23:59:14.092Z level=WARN msg="spawned monster type not found in registry; falling back to default Rat attributes" name="Norcferatu Minion"
canary-go-server  | time=2026-07-23T23:59:14.092Z level=WARN msg="spawned monster type not found in registry; falling back to default Rat attributes" name="Norcferatu Abomination"
canary-go-server  | time=2026-07-23T23:59:14.092Z level=WARN msg="spawned monster type not found in registry; falling back to default Rat attributes" name="Anaztassja Moroia"
canary-go-server  | time=2026-07-23T23:59:14.092Z level=WARN msg="spawned monster type not found in registry; falling back to default Rat attributes" name=bombat
canary-go-server  | time=2026-07-23T23:59:14.092Z level=WARN msg="spawned monster type not found in registry; falling back to default Rat attributes" name="Vampiric Essence"
canary-go-server  | time=2026-07-23T23:59:14.092Z level=WARN msg="spawned monster type not found in registry; falling back to default Rat attributes" name="blood pool"
canary-go-server  | time=2026-07-23T23:59:14.092Z level=WARN msg="spawned monster type not found in registry; falling back to default Rat attributes" name="blood pool"
canary-go-server  | time=2026-07-23T23:59:14.092Z level=WARN msg="spawned monster type not found in registry; falling back to default Rat attributes" name="Vampire Bat"
canary-go-server  | time=2026-07-23T23:59:14.092Z level=WARN msg="spawned monster type not found in registry; falling back to default Rat attributes" name="Vampire Bat"
canary-go-server  | time=2026-07-23T23:59:14.092Z level=WARN msg="spawned monster type not found in registry; falling back to default Rat attributes" name=Vladrukh
canary-go-server  | time=2026-07-23T23:59:14.092Z level=WARN msg="spawned monster type not found in registry; falling back to default Rat attributes" name="Vampire Bat"
canary-go-server  | time=2026-07-23T23:59:14.092Z level=WARN msg="spawned monster type not found in registry; falling back to default Rat attributes" name="blood pool"
canary-go-server  | time=2026-07-23T23:59:14.092Z level=WARN msg="spawned monster type not found in registry; falling back to default Rat attributes" name="Vampiric Essence"
canary-go-server  | time=2026-07-23T23:59:14.092Z level=WARN msg="spawned monster type not found in registry; falling back to default Rat attributes" name="Vampiric Essence"
canary-go-server  | time=2026-07-23T23:59:14.093Z level=WARN msg="spawned monster type not found in registry; falling back to default Rat attributes" name="Vampiric Essence"
canary-go-server  | time=2026-07-23T23:59:14.093Z level=WARN msg="spawned monster type not found in registry; falling back to default Rat attributes" name="Digestive Ooze"
canary-go-server  | time=2026-07-23T23:59:14.093Z level=WARN msg="spawned monster type not found in registry; falling back to default Rat attributes" name="Digestive Ooze"
canary-go-server  | time=2026-07-23T23:59:14.093Z level=WARN msg="spawned monster type not found in registry; falling back to default Rat attributes" name="Digestive Ooze"
canary-go-server  | time=2026-07-23T23:59:14.093Z level=WARN msg="spawned monster type not found in registry; falling back to default Rat attributes" name="Vampiric Flesh"
canary-go-server  | time=2026-07-23T23:59:14.093Z level=WARN msg="spawned monster type not found in registry; falling back to default Rat attributes" name="Digestive Ooze"
canary-go-server  | time=2026-07-23T23:59:14.093Z level=WARN msg="spawned monster type not found in registry; falling back to default Rat attributes" name="Digestive Ooze"
canary-go-server  | time=2026-07-23T23:59:14.093Z level=WARN msg="spawned monster type not found in registry; falling back to default Rat attributes" name="Digestive Ooze"
canary-go-server  | time=2026-07-23T23:59:14.093Z level=WARN msg="spawned monster type not found in registry; falling back to default Rat attributes" name="Digestive Ooze"
canary-go-server  | time=2026-07-23T23:59:14.093Z level=WARN msg="spawned monster type not found in registry; falling back to default Rat attributes" name="Digestive Ooze"
canary-go-server  | time=2026-07-23T23:59:14.093Z level=WARN msg="spawned monster type not found in registry; falling back to default Rat attributes" name="Digestive Ooze"
canary-go-server  | time=2026-07-23T23:59:14.093Z level=WARN msg="spawned monster type not found in registry; falling back to default Rat attributes" name="Digestive Ooze"
canary-go-server  | time=2026-07-23T23:59:14.093Z level=WARN msg="spawned monster type not found in registry; falling back to default Rat attributes" name="Digestive Ooze"
canary-go-server  | time=2026-07-23T23:59:14.093Z level=WARN msg="spawned monster type not found in registry; falling back to default Rat attributes" name="Digestive Ooze"
canary-go-server  | time=2026-07-23T23:59:14.093Z level=WARN msg="spawned monster type not found in registry; falling back to default Rat attributes" name="Digestive Ooze"
canary-go-server  | time=2026-07-23T23:59:14.099Z level=WARN msg="spawned npc type not found in registry; falling back to default NPC attributes" name="Hector The Mentor"
canary-go-server  | time=2026-07-23T23:59:14.099Z level=WARN msg="spawned npc type not found in registry; falling back to default NPC attributes" name="Barnabus Buyer"
canary-go-server  | time=2026-07-23T23:59:14.099Z level=WARN msg="spawned npc type not found in registry; falling back to default NPC attributes" name="BuyandSell All"
canary-go-server  | time=2026-07-23T23:59:14.099Z level=WARN msg="spawned npc type not found in registry; falling back to default NPC attributes" name=Ortelio
canary-go-server  | time=2026-07-23T23:59:14.100Z level=WARN msg="spawned npc type not found in registry; falling back to default NPC attributes" name="The Forgemaster"
canary-go-server  | time=2026-07-23T23:59:16.469Z level=DEBUG msg="consumed proxy identification" service=game peer=172.21.0.1:48800 server=Canary-Go
canary-go-server  | time=2026-07-23T23:59:16.472Z level=INFO msg="game login" service=game peer=172.21.0.1:48800 char="Gm Test" account=god@canary.local os=11
canary-go-server  | time=2026-07-23T23:59:16.480Z level=INFO msg="player entered world" service=game peer=172.21.0.1:48800 name="Gm Test" pos="{X:33548 Y:32912 Z:15}" online=1
canary-go-server  | time=2026-07-23T23:59:17.959Z level=INFO msg=lua msg="NpcByTime: Ghostly Wolf spawned successfully."
canary-go-server  | time=2026-07-23T23:59:17.959Z level=INFO msg=lua msg="NpcByTime: Talila spawned successfully."
canary-go-server  | time=2026-07-23T23:59:17.959Z level=INFO msg=lua msg="NpcByTime: Valindara spawned successfully."
canary-go-server  | time=2026-07-23T23:59:22.725Z level=INFO msg="store opcode received" op=0xFA payloadLen=3
canary-go-server  | time=2026-07-23T23:59:22.725Z level=INFO msg="dispatching store packet to gamestore module" opcode=250
canary-go-server  | time=2026-07-23T23:59:23.826Z level=INFO msg="store opcode received" op=0xFB payloadLen=1
canary-go-server  | time=2026-07-23T23:59:23.826Z level=INFO msg="dispatching store packet to gamestore module" opcode=251
canary-go-server  | time=2026-07-24T00:00:07.922Z level=ERROR msg="addEvent callback" err="data-otservbr-global/scripts/globalevents/spawn/rashid.lua:12: attempt to index a non-table object(nil) with key 'sendMessage'\nstack traceback:\n\tdata-otservbr-global/scripts/globalevents/spawn/rashid.lua:12: in main chunk\n\t[G]: ?"
canary-go-server  | time=2026-07-24T00:00:07.948Z level=ERROR msg="addEvent callback" err="data-otservbr-global/scripts/world_changes/oriental_trader.lua:28: attempt to index a non-table object(nil) with key 'sendMessage'\nstack traceback:\n\tdata-otservbr-global/scripts/world_changes/oriental_trader.lua:28: in main chunk\n\t[G]: ?"
canary-go-server  | time=2026-07-24T00:00:07.948Z level=ERROR msg="addEvent callback" err="data-otservbr-global/scripts/world_changes/fury_gates.lua:2: attempt to index a non-table object(nil) with key 'sendMessage'\nstack traceback:\n\tdata-otservbr-global/scripts/world_changes/fury_gates.lua:2: in main chunk\n\t[G]: ?"
canary-go-server  | time=2026-07-24T00:00:07.948Z level=ERROR msg="addEvent callback" err="data-otservbr-global/scripts/world_changes/nightmare_isles.lua:2: attempt to index a non-table object(nil) with key 'sendMessage'\nstack traceback:\n\tdata-otservbr-global/scripts/world_changes/nightmare_isles.lua:2: in main chunk\n\t[G]: ?"
